arm,outcome,estimator,control_mean,estimate,se,low,high,p_value,relative_lift,ci_width_vs_dim
Mens e-mail,visit,Difference in means,0.10616727682343002,0.07658956365153125,0.0033858878117283653,0.06995334548485052,0.08322578181821197,2.7404293498294887e-113,0.721404616781399,1.0
Mens e-mail,visit,CUPED (history),0.10616727682343002,0.07641114745941802,0.0033783604804229414,0.06978968259099562,0.08303261232784041,2.894353935506796e-113,0.719724097157542,0.9977768515308304
Mens e-mail,visit,Regression adjustment (Lin),0.10616727682343002,0.07610957573687391,0.0033360055919830944,0.06957112492436282,0.082648026549385,3.285729197024731e-115,0.7168835635056744,0.9852676099980383
Mens e-mail,conversion,Difference in means,0.005726086548390125,0.006805006519615695,0.0009208727857351216,0.005000129025231786,0.008609884013999603,1.4712093247956464e-13,1.188421876286328,1.0
Mens e-mail,conversion,CUPED (history),0.005726086548390125,0.006783432860043896,0.000920467142482419,0.004979350411825857,0.008587515308261936,1.7119904520937157e-13,1.184654266525371,0.9995595013133342
Mens e-mail,conversion,Regression adjustment (Lin),0.005726086548390125,0.006775651495857676,0.0009199224614621673,0.004972636602822392,0.00857866638889296,1.7653791503902368e-13,1.1832953341864232,0.9989680178547184
Mens e-mail,spend,Difference in means,0.6527893551112361,0.7698271558945368,0.14524656024868676,0.48514912892878365,1.0545051828602898,1.1571368879646326e-07,1.1792887703620063,1.0
Mens e-mail,spend,CUPED (history),0.6527893551112361,0.7674384994278021,0.14521504219411457,0.4828222467138732,1.052054752141731,1.2581355578566583e-07,1.17562961684176,0.9997830030913075
Mens e-mail,spend,Regression adjustment (Lin),0.6527893551112361,0.7666734858147539,0.14507315803875215,0.4823353209353123,1.0510116506941956,1.2588547946886506e-07,1.1744577018785973,0.9988061527265243
Womens e-mail,visit,Difference in means,0.10616727682343002,0.045233106587052985,0.003234462099090751,0.03889367736347529,0.051572535810630676,1.9318565617797837e-44,0.4260550702669102,1.0
Womens e-mail,visit,CUPED (history),0.10616727682343002,0.04509494235220496,0.0032279809009645444,0.0387682160435313,0.05142166866087862,2.37575852939814e-44,0.42475368777899153,0.9979962052645389
Womens e-mail,visit,Regression adjustment (Lin),0.10616727682343002,0.04542376319313351,0.0031881439359842385,0.03917511590107463,0.05167241048519239,4.63196646867544e-46,0.42785088355123896,0.9856797941396398
Womens e-mail,conversion,Difference in means,0.005726086548390125,0.003111057511085258,0.0008226770775551195,0.0014986400681705587,0.004723474953999957,0.00015580695663629474,0.5433130436982172,1.0
Womens e-mail,conversion,CUPED (history),0.005726086548390125,0.003096639832124352,0.0008223995081154022,0.0014847664153147077,0.004708513248933996,0.00016630150244854953,0.5407951496987004,0.9996626021955757
Womens e-mail,conversion,Regression adjustment (Lin),0.005726086548390125,0.0031153994880022445,0.0008219830579704796,0.001504342298478005,0.004726456677526484,0.00015058554209970926,0.5440713236998018,0.9991563888145487
Womens e-mail,spend,Difference in means,0.6527893551112361,0.4244122159365967,0.13033285852919116,0.16896450721722805,0.6798599246559653,0.0011284596637324694,0.6501518638646863,1.0
Womens e-mail,spend,CUPED (history),0.6527893551112361,0.42270092315649777,0.13030821906506285,0.16730150689941897,0.6781003394135765,0.0011792390268868713,0.6475303554612483,0.9998109497143977
Womens e-mail,spend,Regression adjustment (Lin),0.6527893551112361,0.4257082641456989,0.13024981736086524,0.17042331312548314,0.6809932151659146,0.0010815809117592488,0.6521372642070085,0.9993628531648654
