covariate,Mens e-mail,Womens e-mail
recency,0.006831532454259954,0.005180013205688683
history,0.00761286832154239,0.006510722458553667
log_history,-0.0011678531088418075,0.006481166552043577
mens,-0.0045823256374879625,-0.008630731202832915
womens,0.007588929691887142,0.004946313992582152
newbie,-0.0008918953696535328,0.0025567009140795606
zip_urban,0.0019722315768513645,-0.0017628666291550237
zip_rural,0.01365900039927897,0.00395850560137286
channel_web,0.011013588354428299,-0.005147863897421752
channel_multichannel,-0.004181536419632754,-0.00528289712504171
history_tier,0.001289632748162293,0.0046241826983318786
