outcome,model,fraction,gain_per_1000,low,high
visit,Response model,0.0,0.0,0.0,0.0
visit,Response model,0.01,0.5960291975030614,0.4912644388552869,0.700793956150836
visit,Response model,0.02,1.194797981127451,1.0421584852440027,1.3474374770108994
visit,Response model,0.03,1.889889614918618,1.7012250975768872,2.078554132260349
visit,Response model,0.04,2.416523584133664,2.199004169770742,2.6340429984965863
visit,Response model,0.05,2.948194312102273,2.706353992323691,3.1900346318808546
visit,Response model,0.06,3.443558809264604,3.1810506281650106,3.7060669903641976
visit,Response model,0.07,3.9416846588370915,3.662124404413828,4.221244913260355
visit,Response model,0.08,4.446333115241339,4.152227989608688,4.74043824087399
visit,Response model,0.09,4.915980657446745,4.6091935779354705,5.222767736958019
visit,Response model,0.1,5.300184513610625,4.982494901200486,5.617874126020764
visit,Response model,0.11,5.676943080564645,5.350077625745632,6.0038085353836586
visit,Response model,0.12,6.040967055069,5.706364432776149,6.3755696773618515
visit,Response model,0.13,6.393902020283613,6.0526358125373365,6.735168228029888
visit,Response model,0.14,6.618727029610819,6.271437032075356,6.9660170271462825
visit,Response model,0.15,6.845845253267285,6.493338088186658,7.1983524183479135
visit,Response model,0.16,7.068096777613793,6.7110496212821396,7.425143933945445
visit,Response model,0.17,7.286697974854909,6.925707410315031,7.647688539394786
visit,Response model,0.18,7.495493006691928,7.1311680435959905,7.859817969787865
visit,Response model,0.19,7.6501742263163885,7.282727473474088,8.01762097915869
visit,Response model,0.2,7.8313828122678375,7.4613253444057825,8.201440280129892
visit,Response model,0.21,7.944482054031876,7.5717912301204615,8.317172877943289
visit,Response model,0.22,8.063979818298044,7.689059073381675,8.438900563214414
visit,Response model,0.23,8.204337533465662,7.8275630199866555,8.581112046944668
visit,Response model,0.24,8.336016151384575,7.957457647247371,8.714574655521778
visit,Response model,0.25,8.4413503197979,8.061178666056847,8.821521973538953
visit,Response model,0.26,8.555037468344816,8.173501745254896,8.936573191434736
visit,Response model,0.27,8.642151288999147,8.25928061566698,9.025021962331312
visit,Response model,0.28,8.722562028858466,8.338308700566488,9.106815357150444
visit,Response model,0.29,8.787228182499144,8.401758911384496,9.172697453613791
visit,Response model,0.3,8.890423836154609,8.503968522099228,9.27687915020999
visit,Response model,0.31,8.970241502758565,8.582833999539739,9.357649005977393
visit,Response model,0.32,9.03501566438482,8.6466626529007,9.423368675868941
visit,Response model,0.33,9.11125682040714,8.722114800383158,9.50039884043112
visit,Response model,0.34,9.207007991806591,8.817289483622897,9.596726499990286
visit,Response model,0.35,9.25088753433758,8.860456016223242,9.641319052451914
visit,Response model,0.36,9.323941940619665,8.932900280760183,9.71498360047915
visit,Response model,0.37,9.390849241898954,8.999272755113518,9.78242572868439
visit,Response model,0.38,9.450995216411327,9.058888442313279,9.843101990509375
visit,Response model,0.39,9.499586360739556,9.106956579782508,9.892216141696606
visit,Response model,0.4,9.559898068046342,9.16675442144097,9.953041714651714
visit,Response model,0.41,9.60927525009656,9.215703680391515,10.002846819801606
visit,Response model,0.42,9.679300317019157,9.285399218752646,10.07320141528567
visit,Response model,0.43,9.733205262554696,9.338951885624178,10.127458639485216
visit,Response model,0.44,9.77288847305454,9.37821377310272,10.16756317300636
visit,Response model,0.45,9.80937204167595,9.414276841330164,10.204467242021733
visit,Response model,0.46,9.836713862587313,9.441206796291741,10.232220928882883
visit,Response model,0.47,9.882740644620094,9.486913572612798,10.278567716627391
visit,Response model,0.48,9.918005804812287,9.521799824830977,10.314211784793597
visit,Response model,0.49,9.953851983500149,9.557333049646326,10.350370917353972
visit,Response model,0.5,9.987936700513849,9.591128527342649,10.38474487368505
visit,Response model,0.51,10.021330540614391,9.624236709741385,10.418424371487399
visit,Response model,0.52,10.03625736046103,9.638794567100446,10.433720153821616
visit,Response model,0.53,10.051546237308145,9.653705879585669,10.449386595030623
visit,Response model,0.54,10.075114475012157,9.676977072723572,10.473251877300743
visit,Response model,0.55,10.088945882522081,9.690458367118486,10.487433397925678
visit,Response model,0.56,10.10394929123039,9.705160714702666,10.502737867758114
visit,Response model,0.57,10.120944919253324,9.721894459183364,10.519995379323285
visit,Response model,0.58,10.135895185420353,9.736595583703613,10.53519478713709
visit,Response model,0.59,10.134667260379928,9.735028687368674,10.534305833391182
visit,Response model,0.6,10.143193249669554,9.743299397836607,10.543087101502502
visit,Response model,0.61,10.17366843245259,9.77362394560639,10.573712919298789
visit,Response model,0.62,10.196023360769935,9.795794701978345,10.596252019561526
visit,Response model,0.63,10.213278367424884,9.812868688167196,10.613688046682574
visit,Response model,0.64,10.23180428485669,9.831242973899029,10.63236559581435
visit,Response model,0.65,10.249705439432672,9.848985426291804,10.65042545257354
visit,Response model,0.66,10.254023771123082,9.853071894958585,10.654975647287577
visit,Response model,0.67,10.26707484152296,9.865954925805665,10.668194757240254
visit,Response model,0.68,10.266499078244962,9.865141068242105,10.66785708824782
visit,Response model,0.69,10.275627611095862,9.874090170886173,10.67716505130555
visit,Response model,0.7,10.298193383305007,9.896558955853404,10.699827810756608
visit,Response model,0.71,10.303771861165556,9.901959458202944,10.705584264128166
visit,Response model,0.72,10.299080677362602,9.897033514106154,10.701127840619051
visit,Response model,0.73,10.307917634444935,9.905727040936494,10.710108227953377
visit,Response model,0.74,10.318887910735606,9.916570687745576,10.721205133725636
visit,Response model,0.75,10.33022424895647,9.927778124795507,10.732670373117434
visit,Response model,0.76,10.349489886115517,9.946980699129949,10.751999073101087
visit,Response model,0.77,10.360255848845881,9.957610771218231,10.762900926473531
visit,Response model,0.78,10.36019885177351,9.957376794576824,10.763020908970198
visit,Response model,0.79,10.366736357154672,9.963792142707272,10.769680571602072
visit,Response model,0.8,10.377022081479817,9.973980529872438,10.780063633087197
visit,Response model,0.81,10.38591485576139,9.982760554523669,10.789069156999112
visit,Response model,0.82,10.39822276745401,9.994975305181713,10.801470229726307
visit,Response model,0.83,10.403398388477799,10.000031682470905,10.806765094484692
visit,Response model,0.84,10.413321895565218,10.00987422905102,10.816769562079418
visit,Response model,0.85,10.405604866993471,10.001968194243855,10.809241539743086
visit,Response model,0.86,10.40316996469786,9.999370519249764,10.806969410145957
visit,Response model,0.87,10.40615369343545,10.002221153537771,10.810086233333127
visit,Response model,0.88,10.414173349800276,10.010144284679837,10.818202414920714
visit,Response model,0.89,10.41605420351343,10.011901366999295,10.820207040027563
visit,Response model,0.9,10.420048327456845,10.015793663858085,10.824302991055607
visit,Response model,0.91,10.424007086973077,10.019651455870235,10.828362718075919
visit,Response model,0.92,10.421753904249758,10.01723746587125,10.826270342628266
visit,Response model,0.93,10.42603416460392,10.021414821582823,10.830653507625016
visit,Response model,0.94,10.430766346424894,10.026052317256529,10.835480375593262
visit,Response model,0.95,10.436878657457683,10.032078223673494,10.841679091241874
visit,Response model,0.96,10.44435972947611,10.039485519960571,10.849233938991649
visit,Response model,0.97,10.44613257181104,10.0411561584196,10.85110898520248
visit,Response model,0.98,10.44759095222352,10.042517132949936,10.852664771497105
visit,Response model,0.99,10.440641402481502,10.03541905032262,10.845863754640384
visit,Response model,1.0,10.447838728988987,10.042558332426482,10.853119125551494
visit,T-learner,0.0,0.0,0.0,0.0
visit,T-learner,0.01,1.586845818304868,1.4713721243639792,1.7023195122457568
visit,T-learner,0.02,2.668933679566638,2.5138008587313094,2.824066500401967
visit,T-learner,0.03,3.332900634954642,3.1487115677253557,3.5170897021839282
visit,T-learner,0.04,3.882163441003297,3.6750574662868853,4.089269415719708
visit,T-learner,0.05,4.384598162854047,4.158480022712136,4.610716302995958
visit,T-learner,0.06,4.773529822391985,4.5309257205379625,5.016133924246007
visit,T-learner,0.07,5.128292052753333,4.871697377503521,5.384886728003146
visit,T-learner,0.08,5.4916852971436745,5.223447364404601,5.759923229882748
visit,T-learner,0.09,5.74632801918771,5.467812868647052,6.024843169728367
visit,T-learner,0.1,6.070068724909916,5.7833369166037345,6.356800533216098
visit,T-learner,0.11,6.315729651062144,6.021459400805792,6.6099999013184965
visit,T-learner,0.12,6.572391808866469,6.271842021686543,6.872941596046395
visit,T-learner,0.13,6.812206613803923,6.506352489338442,7.118060738269404
visit,T-learner,0.14,7.011125993083373,6.700529300606257,7.321722685560488
visit,T-learner,0.15,7.19532527755008,6.880394225735702,7.5102563293644575
visit,T-learner,0.16,7.34862020634602,7.029920397944251,7.667320014747788
visit,T-learner,0.17,7.482035627428756,7.159815639729829,7.804255615127683
visit,T-learner,0.18,7.610321143535526,7.284943076140972,7.935699210930078
visit,T-learner,0.19,7.744049105544005,7.416044075724123,8.072054135363887
visit,T-learner,0.2,7.865582000219033,7.535093990907543,8.196070009530523
visit,T-learner,0.21,8.002430741472228,7.669795630994614,8.335065851949842
visit,T-learner,0.22,8.101299769677741,7.766571467621266,8.436028071734215
visit,T-learner,0.23,8.174707844155593,7.838033177541616,8.511382510769568
visit,T-learner,0.24,8.259630160554467,7.9213226988489716,8.597937622259964
visit,T-learner,0.25,8.335863173722542,7.996050411031658,8.675675936413427
visit,T-learner,0.26,8.43046055163393,8.089822162276189,8.77109894099167
visit,T-learner,0.27,8.502658642519812,8.16114995126243,8.844167333777191
visit,T-learner,0.28,8.55711780721324,8.214474822903224,8.899760791523256
visit,T-learner,0.29,8.626178195386593,8.282692319275425,8.969664071497762
visit,T-learner,0.3,8.692945100016663,8.348622183721531,9.037268016311797
visit,T-learner,0.31,8.761231181100154,8.416171229737854,9.106291132462454
visit,T-learner,0.32,8.821545811937948,8.475873001170186,9.167218622705713
visit,T-learner,0.33,8.867707715000384,8.521480914911333,9.213934515089436
visit,T-learner,0.34,8.926821026168989,8.580074297486938,9.273567754851038
visit,T-learner,0.35,8.975236833874646,8.628095590303925,9.322378077445366
visit,T-learner,0.36,9.009067261929639,8.66142621572381,9.356708308135467
visit,T-learner,0.37,9.037026639125436,8.688871648636772,9.385181629614102
visit,T-learner,0.38,9.087814604576685,8.73929229580313,9.43633691335024
visit,T-learner,0.39,9.137576346873791,8.788768067213354,9.48638462653423
visit,T-learner,0.4,9.177427932285777,8.828339562928516,9.526516301643037
visit,T-learner,0.41,9.203263158636007,8.853731283623294,9.55279503364872
visit,T-learner,0.42,9.231016679296964,8.881119007789719,9.58091435080421
visit,T-learner,0.43,9.25322378457076,8.90298126960727,9.60346629953425
visit,T-learner,0.44,9.275107130771838,8.924519006268017,9.625695255275657
visit,T-learner,0.45,9.300405650571285,8.949552190243761,9.65125911089881
visit,T-learner,0.46,9.353592501555504,9.002536677297133,9.704648325813872
visit,T-learner,0.47,9.394712411880601,9.043471211816673,9.745953611944527
visit,T-learner,0.48,9.408276378108734,9.056732171104748,9.759820585112719
visit,T-learner,0.49,9.417122312881245,9.065298222561275,9.768946403201216
visit,T-learner,0.5,9.443720272944063,9.091690361530802,9.795750184357324
visit,T-learner,0.51,9.457705557472654,9.10533249318621,9.810078621759095
visit,T-learner,0.52,9.469990335040015,9.117312087758108,9.822668582321919
visit,T-learner,0.53,9.489798545478079,9.136903162761369,9.842693928194787
visit,T-learner,0.54,9.509987469677041,9.156834962915342,9.86313997643874
visit,T-learner,0.55,9.519150714305026,9.165756109735069,9.872545318874982
visit,T-learner,0.56,9.525633054476486,9.172022769044661,9.87924333990831
visit,T-learner,0.57,9.549141172426662,9.195416003650646,9.902866341202678
visit,T-learner,0.58,9.562738918436185,9.208825923211599,9.916651913660772
visit,T-learner,0.59,9.579267112474838,9.225216376929476,9.9333178480202
visit,T-learner,0.6,9.593272136729018,9.239071598916036,9.947472674542
visit,T-learner,0.61,9.60524691690966,9.250916127315376,9.959577706503945
visit,T-learner,0.62,9.619062112825096,9.264628082256994,9.973496143393197
visit,T-learner,0.63,9.624424513000708,9.269824219673337,9.979024806328077
visit,T-learner,0.64,9.642361423786578,9.287663641416,9.997059206157159
visit,T-learner,0.65,9.658291161300525,9.303519727433482,10.013062595167568
visit,T-learner,0.66,9.661645637222907,9.306733967165153,10.016557307280664
visit,T-learner,0.67,9.675101198915106,9.320040095503233,10.030162302326982
visit,T-learner,0.68,9.686233981481594,9.331023527671077,10.041444435292114
visit,T-learner,0.69,9.699607222540486,9.344286696105144,10.054927748975826
visit,T-learner,0.7,9.708948312900901,9.353493912681358,10.064402713120444
visit,T-learner,0.71,9.716951066858776,9.361332189627634,10.07256994408992
visit,T-learner,0.72,9.727800537969097,9.372021364819496,10.083579711118697
visit,T-learner,0.73,9.744841830128593,9.388955301492508,10.100728358764677
visit,T-learner,0.74,9.752917378008815,9.396863584713223,10.108971171304406
visit,T-learner,0.75,9.766111787769725,9.409968334183235,10.122255241356216
visit,T-learner,0.76,9.76432101376979,9.407968303254446,10.120673724285135
visit,T-learner,0.77,9.766801746166287,9.410297375840697,10.123306116491877
visit,T-learner,0.78,9.770778233488269,9.414127903364992,10.127428563611547
visit,T-learner,0.79,9.7786402557582,9.421905973895026,10.135374537621374
visit,T-learner,0.8,9.785618064262989,9.428752403136196,10.14248372538978
visit,T-learner,0.81,9.793722135276305,9.436752671501381,10.15069159905123
visit,T-learner,0.82,9.795204296868098,9.438116975265016,10.15229161847118
visit,T-learner,0.83,9.801342959385655,9.444167396570593,10.158518522200717
visit,T-learner,0.84,9.807212757382674,9.44989895695614,10.164526557809205
visit,T-learner,0.85,9.820423144016038,9.463019316875972,10.177826971156106
visit,T-learner,0.86,9.830536809458962,9.473003207073836,10.18807041184409
visit,T-learner,0.87,9.851040035701864,9.493416573887238,10.20866349751649
visit,T-learner,0.88,9.866249655906316,9.508357148393234,10.224142163419398
visit,T-learner,0.89,9.876633637772446,9.518469146307508,10.234798129237387
visit,T-learner,0.9,9.90167273287483,9.543149084034669,10.260196381714993
visit,T-learner,0.91,9.927701840390666,9.568701748663171,10.28670193211816
visit,T-learner,0.92,9.956306038761419,9.596715957528625,10.315896119994214
visit,T-learner,0.93,9.975063232267514,9.614836907331762,10.335289557203266
visit,T-learner,0.94,10.017939210208885,9.657072151105929,10.378806269311841
visit,T-learner,0.95,10.053242457304933,9.69110886484466,10.415376049765205
visit,T-learner,0.96,10.09938019233985,9.734962283175207,10.463798101504494
visit,T-learner,0.97,10.123826308612486,9.754809025687566,10.492843591537405
visit,T-learner,0.98,10.228459013729669,9.8513315431598,10.605586484299538
visit,T-learner,0.99,10.383820125422861,9.996259542483916,10.771380708361807
visit,T-learner,1.0,10.447838728988987,10.042558332426482,10.853119125551494
visit,DR-learner,0.0,0.0,0.0,0.0
visit,DR-learner,0.01,1.556549335743363,1.4386147842690629,1.674483887217663
visit,DR-learner,0.02,2.5551864968557765,2.3966128729382485,2.713760120773305
visit,DR-learner,0.03,3.3431886588174886,3.156595697506696,3.5297816201282814
visit,DR-learner,0.04,3.9551029478825646,3.74625188577891,4.1639540099862185
visit,DR-learner,0.05,4.521867720905364,4.295056456128115,4.748678985682613
visit,DR-learner,0.06,4.972397211937829,4.73001989627314,5.214774527602519
visit,DR-learner,0.07,5.294505346661864,5.038747703476926,5.550262989846801
visit,DR-learner,0.08,5.601781663751531,5.333971200351638,5.8695921271514235
visit,DR-learner,0.09,5.810611337056376,5.5322304842172505,6.088992189895502
visit,DR-learner,0.1,5.970757944887767,5.6827610630573515,6.2587548267181825
visit,DR-learner,0.11,6.2338155704368265,5.937417664482938,6.530213476390715
visit,DR-learner,0.12,6.437329084367588,6.133578215729723,6.741079953005453
visit,DR-learner,0.13,6.59293050185773,6.282506344504329,6.903354659211131
visit,DR-learner,0.14,6.788190280822044,6.4718908236535135,7.1044897379905745
visit,DR-learner,0.15,6.959342601691511,6.637882592055021,7.280802611328
visit,DR-learner,0.16,7.075149940400742,6.749134658572613,7.401165222228871
visit,DR-learner,0.17,7.236025238411318,6.906012600334245,7.56603787648839
visit,DR-learner,0.18,7.408667995675996,7.075311639195721,7.742024352156271
visit,DR-learner,0.19,7.556785137441158,7.2200995815951226,7.893470693287193
visit,DR-learner,0.2,7.686850037612037,7.346878724836912,8.026821350387163
visit,DR-learner,0.21,7.812867551575814,7.47030941184327,8.155425691308357
visit,DR-learner,0.22,7.9190359304891,7.574250186891506,8.263821674086696
visit,DR-learner,0.23,8.018305666951292,7.671342945572042,8.365268388330543
visit,DR-learner,0.24,8.140890732318283,7.792028506870759,8.489752957765809
visit,DR-learner,0.25,8.277898456173054,7.927724128501079,8.628072783845028
visit,DR-learner,0.26,8.3717390948634,8.01979925433353,8.72367893539327
visit,DR-learner,0.27,8.46442864315754,8.110894856225125,8.817962430089954
visit,DR-learner,0.28,8.548140814297122,8.19323637894282,8.903045249651424
visit,DR-learner,0.29,8.606783656370975,8.250752104839048,8.962815207902903
visit,DR-learner,0.3,8.68308569545008,8.32614522542398,9.04002616547618
visit,DR-learner,0.31,8.748568070722879,8.390416198485614,9.106719942960144
visit,DR-learner,0.32,8.784094230466126,8.424157274534899,9.144031186397354
visit,DR-learner,0.33,8.82460095450078,8.464004421736465,9.185197487265096
visit,DR-learner,0.34,8.88680565065043,8.525296963640157,9.248314337660704
visit,DR-learner,0.35,8.961564271197766,8.599567235450227,9.323561306945304
visit,DR-learner,0.36,9.039437115496384,8.676919545646275,9.401954685346494
visit,DR-learner,0.37,9.062500007012225,8.698826587019997,9.426173427004453
visit,DR-learner,0.38,9.097558487628064,8.732851515444395,9.462265459811732
visit,DR-learner,0.39,9.149008505885522,8.783862263565746,9.5141547482053
visit,DR-learner,0.4,9.200420933249912,8.834794447714906,9.566047418784919
visit,DR-learner,0.41,9.245947837028677,8.879875881057472,9.612019792999881
visit,DR-learner,0.42,9.29981545839774,8.933079394869383,9.666551521926097
visit,DR-learner,0.43,9.374872182814613,9.006739982788387,9.74300438284084
visit,DR-learner,0.44,9.40621691906432,9.037578155112774,9.774855683015865
visit,DR-learner,0.45,9.430049771153747,9.061142916228716,9.79895662607878
visit,DR-learner,0.46,9.454046516116755,9.084828507018083,9.823264525215427
visit,DR-learner,0.47,9.481362159711123,9.111612965326627,9.851111354095618
visit,DR-learner,0.48,9.51693798687896,9.146907453706026,9.886968520051893
visit,DR-learner,0.49,9.552513814046797,9.182201942085426,9.922825686008169
visit,DR-learner,0.5,9.588089641214635,9.217496430464825,9.958682851964443
visit,DR-learner,0.51,9.623665468382471,9.252790918844225,9.994540017920718
visit,DR-learner,0.52,9.65924129555031,9.288085407223623,10.030397183876994
visit,DR-learner,0.53,9.694817122718145,9.323379895603022,10.06625434983327
visit,DR-learner,0.54,9.730392949885983,9.358674383982422,10.102111515789545
visit,DR-learner,0.55,9.765968777053821,9.393968872361821,10.13796868174582
visit,DR-learner,0.56,9.801544604221657,9.42926336074122,10.173825847702096
visit,DR-learner,0.57,9.819443021256246,9.446773306075547,10.192112736436943
visit,DR-learner,0.58,9.83666364810998,9.463811030329618,10.209516265890342
visit,DR-learner,0.59,9.844152476968468,9.471175542623516,10.21712941131342
visit,DR-learner,0.6,9.85164130582696,9.478540054917417,10.224742556736501
visit,DR-learner,0.61,9.859130134685447,9.485904567211314,10.23235570215958
visit,DR-learner,0.62,9.866618963543937,9.493269079505213,10.23996884758266
visit,DR-learner,0.63,9.874107792402425,9.500633591799112,10.247581993005738
visit,DR-learner,0.64,9.881596621260913,9.50799810409301,10.255195138428817
visit,DR-learner,0.65,9.889085450119405,9.51536261638691,10.262808283851898
visit,DR-learner,0.66,9.896574278977893,9.52272712868081,10.270421429274977
visit,DR-learner,0.67,9.904063107836382,9.530091640974707,10.278034574698056
visit,DR-learner,0.68,9.91155193669487,9.537456153268606,10.285647720121135
visit,DR-learner,0.69,9.91904076555336,9.544820665562504,10.293260865544216
visit,DR-learner,0.7,9.92652959441185,9.552185177856405,10.300874010967295
visit,DR-learner,0.71,9.934018423270338,9.559549690150302,10.308487156390374
visit,DR-learner,0.72,9.941507252128828,9.5669142024442,10.316100301813453
visit,DR-learner,0.73,9.948996080987316,9.5742787147381,10.323713447236532
visit,DR-learner,0.74,9.956484909845805,9.581643227031998,10.331326592659615
visit,DR-learner,0.75,9.963973738704295,9.589007739325897,10.338939738082692
visit,DR-learner,0.76,9.971462567562783,9.596372251619798,10.34655288350577
visit,DR-learner,0.77,9.978951396421273,9.603736763913695,10.35416602892885
visit,DR-learner,0.78,9.986440225279763,9.611101276207595,10.36177917435193
visit,DR-learner,0.79,9.99392905413825,9.618465788501492,10.36939231977501
visit,DR-learner,0.8,10.00141788299674,9.625830300795391,10.37700546519809
visit,DR-learner,0.81,10.008906711855229,9.63319481308929,10.384618610621168
visit,DR-learner,0.82,10.01639554071372,9.640559325383188,10.39223175604425
visit,DR-learner,0.83,10.023884369572208,9.647923837677089,10.399844901467327
visit,DR-learner,0.84,10.031373198430696,9.655288349970988,10.407458046890406
visit,DR-learner,0.85,10.038862027289186,9.662652862264885,10.415071192313485
visit,DR-learner,0.86,10.04695353905604,9.670617170657128,10.42328990745495
visit,DR-learner,0.87,10.052766700386258,9.676318843133094,10.429214557639419
visit,DR-learner,0.88,10.058579861716478,9.682020515609064,10.435139207823891
visit,DR-learner,0.89,10.064393023046696,9.68772218808503,10.441063858008363
visit,DR-learner,0.9,10.070206184376914,9.693423860560998,10.446988508192833
visit,DR-learner,0.91,10.076019345707133,9.699125533036964,10.452913158377301
visit,DR-learner,0.92,10.081832507037353,9.704827205512935,10.458837808561773
visit,DR-learner,0.93,10.087645668367573,9.7105288779889,10.464762458746245
visit,DR-learner,0.94,10.093458829697791,9.716230550464868,10.470687108930715
visit,DR-learner,0.95,10.099271991028012,9.721932222940836,10.476611759115185
visit,DR-learner,0.96,10.10508515235823,9.727633895416803,10.482536409299657
visit,DR-learner,0.97,10.110898313688448,9.73333556789277,10.488461059484127
visit,DR-learner,0.98,10.122360408021903,9.744613103274723,10.500107712769083
visit,DR-learner,0.99,10.150959069983758,9.767098724517915,10.5348194154496
visit,DR-learner,1.0,10.447838728988987,10.042558332426482,10.853119125551494
conversion,Response model,0.0,0.0,0.0,0.0
conversion,Response model,0.01,0.40572963356827096,0.333146295648103,0.4783129714884389
conversion,Response model,0.02,0.5476282357723122,0.4654881755753188,0.6297682959693056
conversion,Response model,0.03,0.6067385850316278,0.5191351347113073,0.6943420353519484
conversion,Response model,0.04,0.6679971827188279,0.5776202269812234,0.7583741384564325
conversion,Response model,0.05,0.7136504722476146,0.6216001053807831,0.8057008391144461
conversion,Response model,0.06,0.7524972676355492,0.6592962092160348,0.8456983260550636
conversion,Response model,0.07,0.7884170422449561,0.6945030515271332,0.882331032962779
conversion,Response model,0.08,0.8241821287549412,0.7299122760559369,0.9184519814539455
conversion,Response model,0.09,0.855954429938353,0.761457224550691,0.9504516353260152
conversion,Response model,0.1,0.8877315737445711,0.7931417164801243,0.9823214310090181
conversion,Response model,0.11,0.9172250849100203,0.8226074398087252,1.0118427300113155
conversion,Response model,0.12,0.9375680441731035,0.8428142678886328,1.0323218204575741
conversion,Response model,0.13,0.9604134967882526,0.8656947739196065,1.0551322196568986
conversion,Response model,0.14,0.981874984719995,0.8871694120245213,1.0765805574154685
conversion,Response model,0.15,1.0020127366476517,0.907295344654708,1.0967301286405955
conversion,Response model,0.16,1.0126636377092413,0.9177975611265783,1.1075297142919043
conversion,Response model,0.17,1.0180790623203053,0.9230868611723674,1.1130712634682431
conversion,Response model,0.18,1.0290094132460004,0.9340206328821745,1.1239981936098262
conversion,Response model,0.19,1.043695074675977,0.9487948682853515,1.1385952810666027
conversion,Response model,0.2,1.0557110789432713,0.960800202884392,1.1506219550021508
conversion,Response model,0.21,1.0685934554717575,0.973763967095661,1.163422943847854
conversion,Response model,0.22,1.0752831805146503,0.9804297902278637,1.1701365708014368
conversion,Response model,0.23,1.0797703349195933,0.9848393134357933,1.1747013564033932
conversion,Response model,0.24,1.0879326431860505,0.9930400262815076,1.1828252600905933
conversion,Response model,0.25,1.097538134648994,1.0027134063060072,1.1923628629919811
conversion,Response model,0.26,1.1011826780406302,1.0063143819502225,1.196050974131038
conversion,Response model,0.27,1.107889931220265,1.0130371036463823,1.202742758794148
conversion,Response model,0.28,1.114859517857207,1.0200458131256747,1.2096732225887392
conversion,Response model,0.29,1.122455295541009,1.0276788702122452,1.2172317208697727
conversion,Response model,0.3,1.129627044206423,1.0349416144535697,1.224312473959276
conversion,Response model,0.31,1.1363162992422737,1.0416822374551358,1.230950361029412
conversion,Response model,0.32,1.1394529476132578,1.0448114370999566,1.2340944581265592
conversion,Response model,0.33,1.1422225863740936,1.0476334087183532,1.236811764029834
conversion,Response model,0.34,1.1445383193556202,1.0499385170606579,1.2391381216505826
conversion,Response model,0.35,1.1441759804520237,1.049558538727202,1.2387934221768455
conversion,Response model,0.36,1.150136571235809,1.055544855328407,1.2447282871432106
conversion,Response model,0.37,1.1549217738934487,1.0604125943530665,1.2494309534338313
conversion,Response model,0.38,1.1594202352645557,1.0649605503433113,1.2538799201858
conversion,Response model,0.39,1.1621252832744955,1.0676958542901238,1.256554712258867
conversion,Response model,0.4,1.164730322207225,1.0703193195002771,1.259141324914173
conversion,Response model,0.41,1.162824068492834,1.0683520884942,1.2572960484914677
conversion,Response model,0.42,1.1642328523458296,1.0697486480718188,1.2587170566198405
conversion,Response model,0.43,1.1665243266404182,1.0720560179457352,1.2609926353351013
conversion,Response model,0.44,1.1661023114447722,1.071616342404059,1.2605882804854853
conversion,Response model,0.45,1.1686849121698253,1.074206690837701,1.2631631335019493
conversion,Response model,0.46,1.1706307300747916,1.0761468850854154,1.265114575064168
conversion,Response model,0.47,1.1720669586202501,1.077575756463494,1.2665581607770062
conversion,Response model,0.48,1.1751946320760631,1.0807339722321383,1.2696552919199882
conversion,Response model,0.49,1.176926376435961,1.0824554395663035,1.2713973133056184
conversion,Response model,0.5,1.178445081011003,1.083990271136828,1.272899890885178
conversion,Response model,0.51,1.181117001718515,1.0866792172300384,1.2755547862069918
conversion,Response model,0.52,1.1842179295135005,1.0898006361163248,1.278635222910676
conversion,Response model,0.53,1.1827303147636166,1.088278613878809,1.2771820156484242
conversion,Response model,0.54,1.1839480627737848,1.0894987970362948,1.2783973285112749
conversion,Response model,0.55,1.184388434903455,1.0899436564756508,1.2788332133312592
conversion,Response model,0.56,1.1854163905496944,1.0909611553066147,1.2798716257927742
conversion,Response model,0.57,1.1876116185118548,1.093186244016842,1.2820369930068678
conversion,Response model,0.58,1.1876078018811558,1.093170116040771,1.2820454877215404
conversion,Response model,0.59,1.1878765214491598,1.0934309112209637,1.2823221316773556
conversion,Response model,0.6,1.187473420734064,1.093006133316094,1.2819407081520338
conversion,Response model,0.61,1.1882910172901457,1.093822820046868,1.2827592145334237
conversion,Response model,0.62,1.1894004603867923,1.094923660257056,1.2838772605165283
conversion,Response model,0.63,1.1895414521656305,1.095061234186882,1.2840216701443787
conversion,Response model,0.64,1.1906452899842093,1.0961640579936107,1.285126521974808
conversion,Response model,0.65,1.1921514507636717,1.0976804349947014,1.2866224665326418
conversion,Response model,0.66,1.193093133644739,1.0986275162942143,1.287558750995264
conversion,Response model,0.67,1.193726404520331,1.0992585432992308,1.2881942657414314
conversion,Response model,0.68,1.195007499455295,1.1005373595534806,1.2894776393571097
conversion,Response model,0.69,1.1960682250640624,1.101609110936539,1.290527339191586
conversion,Response model,0.7,1.1960103133041677,1.1015451450880585,1.2904754815202768
conversion,Response model,0.71,1.1960996264897692,1.1016226456817244,1.2905766072978142
conversion,Response model,0.72,1.1971898110548715,1.1027234504908507,1.2916561716188923
conversion,Response model,0.73,1.1978496287501992,1.1033917926011032,1.2923074648992952
conversion,Response model,0.74,1.1976326593794946,1.1031554837556252,1.2921098350033637
conversion,Response model,0.75,1.197533741796509,1.103032452644323,1.2920350309486954
conversion,Response model,0.76,1.1973631099343085,1.1028424918649093,1.2918837280037077
conversion,Response model,0.77,1.1986103038621558,1.1040913096297762,1.2931292980945355
conversion,Response model,0.78,1.1993548997029357,1.1048335617482656,1.2938762376576058
conversion,Response model,0.79,1.199090424677495,1.1045422632964177,1.293638586058572
conversion,Response model,0.8,1.200446508975982,1.1059030892574537,1.2949899286945104
conversion,Response model,0.81,1.201184047151748,1.1066389771220098,1.2957291171814866
conversion,Response model,0.82,1.2021872573246835,1.1076573536665586,1.2967171609828083
conversion,Response model,0.83,1.203803964662692,1.1092766207580111,1.2983313085673729
conversion,Response model,0.84,1.2050745861416947,1.1105579722190049,1.2995912000643846
conversion,Response model,0.85,1.2056108372278942,1.1110891649528232,1.3001325095029652
conversion,Response model,0.86,1.2060719546809184,1.1115472163743705,1.3005966929874664
conversion,Response model,0.87,1.2065080278298725,1.1119800528296055,1.3010360028301395
conversion,Response model,0.88,1.2063085176990416,1.1117644594584637,1.3008525759396192
conversion,Response model,0.89,1.2057637139487662,1.1111977237610953,1.3003297041364372
conversion,Response model,0.9,1.2071329719712722,1.1125776296044358,1.3016883143381086
conversion,Response model,0.91,1.2082654541404898,1.113722242130763,1.3028086661502165
conversion,Response model,0.92,1.2092080304875947,1.1146631026881118,1.3037529582870775
conversion,Response model,0.93,1.2105540484573591,1.1160128594181553,1.305095237496563
conversion,Response model,0.94,1.211569939021095,1.1170318904653618,1.3061079875768284
conversion,Response model,0.95,1.2113371138126774,1.1167869119842553,1.3058873156410995
conversion,Response model,0.96,1.2108303111971204,1.1162620084841295,1.3053986139101112
conversion,Response model,0.97,1.211335666455827,1.1167548759472057,1.3059164569644484
conversion,Response model,0.98,1.212702291301892,1.1181150732128537,1.3072895093909305
conversion,Response model,0.99,1.2144740896443664,1.1198910205989927,1.3090571586897404
conversion,Response model,1.0,1.2151689666936039,1.1205892420549732,1.3097486913322345
conversion,T-learner,0.0,0.0,0.0,0.0
conversion,T-learner,0.01,0.3495483957850041,0.28629886058121184,0.4127979309887963
conversion,T-learner,0.02,0.45412816645905624,0.3815939244344737,0.5266624084836388
conversion,T-learner,0.03,0.5196484549329302,0.4430701689060682,0.5962267409597922
conversion,T-learner,0.04,0.5870515769698407,0.5086550662737009,0.6654480876659805
conversion,T-learner,0.05,0.628645017278209,0.5487531802632897,0.7085368542931283
conversion,T-learner,0.06,0.6647881870461302,0.5841070226574598,0.7454693514348004
conversion,T-learner,0.07,0.6921390826701593,0.6107386761624574,0.7735394891778614
conversion,T-learner,0.08,0.7219447779808212,0.6402363256503815,0.803653230311261
conversion,T-learner,0.09,0.7520412770082228,0.6701738671216761,0.8339086868947693
conversion,T-learner,0.1,0.7731190948144324,0.6912178750361687,0.8550203145926961
conversion,T-learner,0.11,0.7975691606856885,0.7156813065782647,0.8794570147931124
conversion,T-learner,0.12,0.8151467422631782,0.7331938299277376,0.8970996545986187
conversion,T-learner,0.13,0.8369653963975614,0.7550318793788853,0.9188989134162376
conversion,T-learner,0.14,0.8535608491583706,0.7716208275890645,0.9355008707276768
conversion,T-learner,0.15,0.8636353149285653,0.7815672746257748,0.9457033552313558
conversion,T-learner,0.16,0.8727472918856752,0.7905553018901295,0.954939281881221
conversion,T-learner,0.17,0.8833745682567895,0.80117457250723,0.9655745640063491
conversion,T-learner,0.18,0.8932324196338175,0.811018488459096,0.975446350808539
conversion,T-learner,0.19,0.8988526160968069,0.8165105859949227,0.9811946461986912
conversion,T-learner,0.2,0.9054334841180935,0.823100797124637,0.98776617111155
conversion,T-learner,0.21,0.907358196426103,0.8249450859874955,0.9897713068647105
conversion,T-learner,0.22,0.9131239365541249,0.8306639375094679,0.995583935598782
conversion,T-learner,0.23,0.9197316026521569,0.8373109651042809,1.002152240200033
conversion,T-learner,0.24,0.9258317889975408,0.8434319604637359,1.0082316175313457
conversion,T-learner,0.25,0.9279951050224745,0.8455259648376278,1.0104642452073211
conversion,T-learner,0.26,0.9291879751425224,0.8466836027458197,1.0116923475392248
conversion,T-learner,0.27,0.9320946515369654,0.8496120963321016,1.0145772067418295
conversion,T-learner,0.28,0.9357450500447044,0.8532802917957907,1.0182098082936182
conversion,T-learner,0.29,0.939688624016757,0.8572644457204158,1.0221128023130983
conversion,T-learner,0.3,0.9416226588166988,0.8591973259711789,1.0240479916622187
conversion,T-learner,0.31,0.9428549571975161,0.8604347921678436,1.0252751222271888
conversion,T-learner,0.32,0.9422717687733542,0.8598158378447933,1.024727699701915
conversion,T-learner,0.33,0.9453020201825502,0.862888775126925,1.0277152652381751
conversion,T-learner,0.34,0.9478768964337307,0.8654914678388023,1.0302623250286593
conversion,T-learner,0.35,0.9504063488844616,0.8680288642084382,1.032783833560485
conversion,T-learner,0.36,0.9521544508570419,0.8697919008594305,1.0345170008546534
conversion,T-learner,0.37,0.954672469581945,0.8723514704970683,1.0369934686668216
conversion,T-learner,0.38,0.9575462253888779,0.875258619578168,1.0398338311995878
conversion,T-learner,0.39,0.9590931068527386,0.8768077754165824,1.0413784382888949
conversion,T-learner,0.4,0.9595361885909097,0.877223898226279,1.0418484789555402
conversion,T-learner,0.41,0.9610378639271905,0.8787215272203661,1.0433542006340149
conversion,T-learner,0.42,0.9608609614120799,0.878509328288312,1.0432125945358477
conversion,T-learner,0.43,0.9637903414404734,0.8814617358456154,1.0461189470353314
conversion,T-learner,0.44,0.9658953150441677,0.8835999728563644,1.048190657231971
conversion,T-learner,0.45,0.9672876124774341,0.8850071635273904,1.049568061427478
conversion,T-learner,0.46,0.9696400173292775,0.8873748207910597,1.0519052138674951
conversion,T-learner,0.47,0.9695622057658315,0.887282952885272,1.0518414586463911
conversion,T-learner,0.48,0.9716212585421977,0.8893635254125127,1.0538789916718827
conversion,T-learner,0.49,0.9729903218251743,0.8907438706766831,1.0552367729736656
conversion,T-learner,0.5,0.9751161529420146,0.8929008870149089,1.0573314188691203
conversion,T-learner,0.51,0.9763288016984042,0.8941126090103148,1.0585449943864937
conversion,T-learner,0.52,0.9764088857387477,0.8941905163403769,1.0586272551371185
conversion,T-learner,0.53,0.9780506227301822,0.895852858345251,1.0602483871151134
conversion,T-learner,0.54,0.9804462680608442,0.8982628498248205,1.0626296862968678
conversion,T-learner,0.55,0.9790343945230026,0.8968142777664911,1.061254511279514
conversion,T-learner,0.56,0.9795183993442128,0.8972944674192744,1.061742331269151
conversion,T-learner,0.57,0.9810438003879023,0.8988459319632579,1.0632416688125468
conversion,T-learner,0.58,0.9828206718028478,0.9006419890867231,1.0649993545189727
conversion,T-learner,0.59,0.9849126015143173,0.9027573084201175,1.067067894608517
conversion,T-learner,0.6,0.9856837437854612,0.9035186626827932,1.067848824888129
conversion,T-learner,0.61,0.9856845204033621,0.9035091133928441,1.06785992741388
conversion,T-learner,0.62,0.9858001592649503,0.9036195302499447,1.0679807882799561
conversion,T-learner,0.63,0.9867374120441613,0.904569675667819,1.0689051484205034
conversion,T-learner,0.64,0.988939739993047,0.9067869196620879,1.071092560324006
conversion,T-learner,0.65,0.9896860850783964,0.9075196233472277,1.0718525468095652
conversion,T-learner,0.66,0.9899737939513581,0.9078098554946042,1.0721377324081118
conversion,T-learner,0.67,0.9910608762762454,0.9088953188511889,1.0732264337013018
conversion,T-learner,0.68,0.9920222823900503,0.9098583513715922,1.0741862134085083
conversion,T-learner,0.69,0.9919052015260128,0.9097237290127386,1.0740866740392871
conversion,T-learner,0.7,0.9929145468782153,0.9107338884611975,1.0750952052952332
conversion,T-learner,0.71,0.9946648831411757,0.9124908061149142,1.0768389601674375
conversion,T-learner,0.72,0.9942778320491481,0.9120812844881881,1.0764743796101082
conversion,T-learner,0.73,0.9949623330579981,0.9127622660593726,1.0771624000566238
conversion,T-learner,0.74,0.9943909266637134,0.9121685910091145,1.0766132623183124
conversion,T-learner,0.75,0.996305372552575,0.9140889609863057,1.0785217841188444
conversion,T-learner,0.76,0.9965261967512647,0.914294968900454,1.0787574246020755
conversion,T-learner,0.77,0.9976417541542081,0.9154089024103059,1.0798746058981104
conversion,T-learner,0.78,0.9976335637392265,0.9153760620869006,1.0798910653915523
conversion,T-learner,0.79,1.001033284186413,0.9187810962353459,1.0832854721374798
conversion,T-learner,0.8,1.0020819521251312,0.9197927853681661,1.0843711188820964
conversion,T-learner,0.81,1.0035656537235425,0.921263875936445,1.0858674315106398
conversion,T-learner,0.82,1.00524065350129,0.922916019038398,1.0875652879641822
conversion,T-learner,0.83,1.0058562092655812,0.9235178922385864,1.088194526292576
conversion,T-learner,0.84,1.0085036100615918,0.9261495779319827,1.0908576421912008
conversion,T-learner,0.85,1.0096979823575112,0.9273038519507779,1.0920921127642447
conversion,T-learner,0.86,1.0091146130408526,0.9266420218500566,1.0915872042316488
conversion,T-learner,0.87,1.0094644640996677,0.9269546737780453,1.0919742544212903
conversion,T-learner,0.88,1.0103061498402115,0.9277689640133705,1.0928433356670526
conversion,T-learner,0.89,1.0115573472404855,0.9289963483297418,1.0941183461512292
conversion,T-learner,0.9,1.012859081901495,0.9302223600808756,1.0954958037221147
conversion,T-learner,0.91,1.014982796015607,0.9322933059045854,1.0976722861266286
conversion,T-learner,0.92,1.0190056956711215,0.9362967147648602,1.1017146765773829
conversion,T-learner,0.93,1.0199742102993612,0.9372092324904546,1.1027391881082675
conversion,T-learner,0.94,1.0232781580916817,0.9404353772562752,1.1061209389270883
conversion,T-learner,0.95,1.0295976620426837,0.9467002783637177,1.1124950457216496
conversion,T-learner,0.96,1.032042037349553,0.9489751317774944,1.1151089429216112
conversion,T-learner,0.97,1.0365761540376544,0.9532223216173692,1.1199299864579395
conversion,T-learner,0.98,1.0453027499435914,0.9614326186910064,1.1291728811961768
conversion,T-learner,0.99,1.0699286306776923,0.9849832124368282,1.1548740489185565
conversion,T-learner,1.0,1.2151689666936039,1.1205892420549732,1.3097486913322345
conversion,DR-learner,0.0,0.0,0.0,0.0
conversion,DR-learner,0.01,0.34020101347198584,0.2780950918325356,0.40230693511143606
conversion,DR-learner,0.02,0.44252468383310206,0.3715882397013347,0.5134611279648694
conversion,DR-learner,0.03,0.529897254267165,0.45530502541663515,0.604489483117695
conversion,DR-learner,0.04,0.5957208786997045,0.5188854836476554,0.6725562737517535
conversion,DR-learner,0.05,0.6264719966274509,0.5482171796682108,0.704726813586691
conversion,DR-learner,0.06,0.6690479131335292,0.590042011472048,0.7480538147950102
conversion,DR-learner,0.07,0.7108408927235423,0.631406257809507,0.7902755276375777
conversion,DR-learner,0.08,0.7210330186531106,0.6403020657097842,0.8017639715964371
conversion,DR-learner,0.09,0.7383849991405899,0.6571379936001795,0.8196320046810001
conversion,DR-learner,0.1,0.7574371625300977,0.6756703446609775,0.8392039803992178
conversion,DR-learner,0.11,0.7722544921402352,0.6904681494848324,0.8540408347956381
conversion,DR-learner,0.12,0.7807763221583964,0.698735814764572,0.8628168295522209
conversion,DR-learner,0.13,0.8064908296139226,0.7242442127073272,0.8887374465205179
conversion,DR-learner,0.14,0.8254100602542468,0.7428859557048451,0.9079341648036484
conversion,DR-learner,0.15,0.8441269490056049,0.7614684815868881,0.9267854164243219
conversion,DR-learner,0.16,0.8525117722611774,0.769889957295264,0.9351335872270907
conversion,DR-learner,0.17,0.8571202829683946,0.7741338094892679,0.9401067564475212
conversion,DR-learner,0.18,0.8646544638830669,0.7816300779976936,0.9476788497684403
conversion,DR-learner,0.19,0.8734768458417327,0.7905874369686392,0.9563662547148262
conversion,DR-learner,0.2,0.8852425343137571,0.8023926278337489,0.9680924407937654
conversion,DR-learner,0.21,0.8927331109013494,0.8099312414692046,0.9755349803334943
conversion,DR-learner,0.22,0.8997889594131921,0.8166638247611258,0.9829140940652585
conversion,DR-learner,0.23,0.9042153031731915,0.8211012604816023,0.9873293458647807
conversion,DR-learner,0.24,0.9067495376936227,0.8233581982395458,0.9901408771476996
conversion,DR-learner,0.25,0.909782527266496,0.8263919778352209,0.9931730766977711
conversion,DR-learner,0.26,0.9128155168393693,0.829425757430896,0.9962052762478427
conversion,DR-learner,0.27,0.9158485064122427,0.832459537026571,0.9992374757979143
conversion,DR-learner,0.28,0.9175741149453406,0.8340787676543999,1.0010694622362812
conversion,DR-learner,0.29,0.9231219443092769,0.839542966263801,1.0067009223547527
conversion,DR-learner,0.3,0.9294184047331933,0.845717815188526,1.0131189942778605
conversion,DR-learner,0.31,0.9357148651571098,0.851892664113251,1.0195370662009684
conversion,DR-learner,0.32,0.9420113255810261,0.8580675130379761,1.0259551381240761
conversion,DR-learner,0.33,0.9483077860049426,0.8642423619627013,1.0323732100471836
conversion,DR-learner,0.34,0.9546042464288589,0.8704172108874264,1.0387912819702916
conversion,DR-learner,0.35,0.9609007068527753,0.8765920598121514,1.0452093538933993
conversion,DR-learner,0.36,0.9671878830532682,0.8827576597110551,1.0516181063954813
conversion,DR-learner,0.37,0.968553707494178,0.8841183221901483,1.0529890927982075
conversion,DR-learner,0.38,0.9699195319350877,0.8854789846692416,1.054360079200934
conversion,DR-learner,0.39,0.9712853563759976,0.8868396471483346,1.0557310656036605
conversion,DR-learner,0.4,0.9726511808169072,0.8882003096274278,1.0571020520063867
conversion,DR-learner,0.41,0.974017005257817,0.8895609721065209,1.058473038409113
conversion,DR-learner,0.42,0.9753828296987267,0.8909216345856141,1.0598440248118393
conversion,DR-learner,0.43,0.9767486541396365,0.8922822970647073,1.0612150112145657
conversion,DR-learner,0.44,0.9781144785805462,0.8936429595438005,1.062585997617292
conversion,DR-learner,0.45,0.9794803030214561,0.8950036220228937,1.0639569840200185
conversion,DR-learner,0.46,0.9808461274623658,0.8963642845019868,1.0653279704227447
conversion,DR-learner,0.47,0.9822119519032756,0.8977249469810801,1.066698956825471
conversion,DR-learner,0.48,0.9835777763441853,0.8990856094601731,1.0680699432281975
conversion,DR-learner,0.49,0.9849436007850951,0.9004462719392664,1.069440929630924
conversion,DR-learner,0.5,0.986309425226005,0.9018069344183596,1.0708119160336502
conversion,DR-learner,0.51,0.9876752496669144,0.9031675968974525,1.0721829024363763
conversion,DR-learner,0.52,0.9890410741078243,0.9045282593765458,1.0735538888391027
conversion,DR-learner,0.53,0.990406898548734,0.9058889218556389,1.074924875241829
conversion,DR-learner,0.54,0.9917727229896438,0.9072495843347321,1.0762958616445555
conversion,DR-learner,0.55,0.9931385474305535,0.9086102468138253,1.0776668480472817
conversion,DR-learner,0.56,0.9945043718714633,0.9099709092929185,1.0790378344500082
conversion,DR-learner,0.57,0.9958701963123731,0.9113315717720116,1.0804088208527345
conversion,DR-learner,0.58,0.9972360207532829,0.9126922342511048,1.081779807255461
conversion,DR-learner,0.59,0.9986018451941926,0.914052896730198,1.0831507936581872
conversion,DR-learner,0.6,0.9999676696351024,0.9154135592092912,1.0845217800609137
conversion,DR-learner,0.61,1.0013334940760121,0.9167742216883844,1.08589276646364
conversion,DR-learner,0.62,1.002699318516922,0.9181348841674776,1.0872637528663662
conversion,DR-learner,0.63,1.0040651429578318,0.9194955466465707,1.0886347392690927
conversion,DR-learner,0.64,1.0054309673987414,0.9208562091256639,1.0900057256718192
conversion,DR-learner,0.65,1.0067967918396512,0.9222168716047572,1.0913767120745455
conversion,DR-learner,0.66,1.008162616280561,0.9235775340838502,1.0927476984772717
conversion,DR-learner,0.67,1.0095284407214706,0.9249381965629433,1.094118684879998
conversion,DR-learner,0.68,1.0108942651623805,0.9262988590420363,1.0954896712827242
conversion,DR-learner,0.69,1.01226008960329,0.9276595215211296,1.0968606576854507
conversion,DR-learner,0.7,1.0136259140441999,0.9290201840002228,1.098231644088177
conversion,DR-learner,0.71,1.0149917384851097,0.930380846479316,1.0996026304909032
conversion,DR-learner,0.72,1.0163575629260195,0.9317415089584092,1.1009736168936297
conversion,DR-learner,0.73,1.0177233873669291,0.9331021714375023,1.1023446032963562
conversion,DR-learner,0.74,1.019089211807839,0.9344628339165956,1.1037155896990825
conversion,DR-learner,0.75,1.0204550362487488,0.9358234963956886,1.1050865761018087
conversion,DR-learner,0.76,1.0218208606896586,0.9371841588747819,1.1064575625045352
conversion,DR-learner,0.77,1.0231866851305682,0.9385448213538751,1.1078285489072617
conversion,DR-learner,0.78,1.024552509571478,0.9399054838329682,1.109199535309988
conversion,DR-learner,0.79,1.0259183340123879,0.9412661463120615,1.1105705217127142
conversion,DR-learner,0.8,1.0272841584532977,0.9426268087911546,1.1119415081154405
conversion,DR-learner,0.81,1.0286499828942075,0.9439874712702478,1.1133124945181672
conversion,DR-learner,0.82,1.030015807335117,0.945348133749341,1.1146834809208934
conversion,DR-learner,0.83,1.0313816317760267,0.946708796228434,1.1160544673236195
conversion,DR-learner,0.84,1.0327474562169365,0.9480694587075271,1.1174254537263457
conversion,DR-learner,0.85,1.0341132806578464,0.9494301211866203,1.1187964401290722
conversion,DR-learner,0.86,1.035479105098756,0.9507907836657135,1.1201674265317987
conversion,DR-learner,0.87,1.0368449295396658,0.9521514461448067,1.121538412934525
conversion,DR-learner,0.88,1.0382107539805756,0.9535121086238999,1.1229093993372512
conversion,DR-learner,0.89,1.0395765784214854,0.9548727711029931,1.1242803857399777
conversion,DR-learner,0.9,1.040942402862395,0.9562334335820862,1.1256513721427042
conversion,DR-learner,0.91,1.0423082273033049,0.9575940960611794,1.1270223585454304
conversion,DR-learner,0.92,1.0436740517442147,0.9589547585402726,1.1283933449481567
conversion,DR-learner,0.93,1.0450398761851245,0.9603154210193657,1.129764331350883
conversion,DR-learner,0.94,1.0464057006260343,0.961676083498459,1.1311353177536096
conversion,DR-learner,0.95,1.047771525066944,0.9630367459775521,1.132506304156336
conversion,DR-learner,0.96,1.0491373495078538,0.9643974084566453,1.1338772905590622
conversion,DR-learner,0.97,1.0505031739487634,0.9657580709357383,1.1352482769617882
conversion,DR-learner,0.98,1.0518689983896732,0.9671187334148315,1.1366192633645147
conversion,DR-learner,0.99,1.0532348228305828,0.9684793958939247,1.1379902497672412
conversion,DR-learner,1.0,1.2151689666936039,1.1205892420549732,1.3097486913322345
