outcome,model,decile,n,control_rate,treated_rate,uplift,uplift_low,uplift_high
visit,Response model,1,699074,0.32092103637187464,0.3739746098616865,0.05305357348981188,0.04987313999424985,0.056234006985373904
visit,Response model,2,699074,0.05516447813726817,0.06977349342573566,0.014609015288467489,0.013074529317434434,0.016143501259500544
visit,Response model,3,699074,0.01594602011942954,0.019094884606634593,0.003148864487205052,0.0023171731009844717,0.0039805558734256315
visit,Response model,4,699074,0.006640566461861232,0.007948594138840397,0.0013080276769791652,0.0007709228650479216,0.0018451324889104089
visit,Response model,5,699074,0.0036741735440854197,0.004333948928678238,0.0006597753845928186,0.000260845055534523,0.0010587057136511142
visit,Response model,6,699074,0.0014513099732503653,0.0022504767102612304,0.0007991667370108651,0.0005396716591040435,0.0010586618149176867
visit,Response model,7,699074,0.000831986083141882,0.001206803269155895,0.00037481718601401306,0.00017989150593093333,0.0005697428660970927
visit,Response model,8,699074,0.0006406149903907751,0.0007370228325288484,9.640784213807332e-05,-7.074634535436392e-05,0.00026356202963051056
visit,Response model,9,699074,0.00041554124246831497,0.0005816031342508615,0.00016606189178254653,2.8826214812136962e-05,0.0003032975687529561
visit,Response model,10,699073,0.00039941799092750563,0.0004781788793103448,7.876088838283917e-05,-5.419496522014226e-05,0.0002117167419858206
visit,T-learner,1,699074,0.21638094030907035,0.27645461720077497,0.06007367689170462,0.057218568932692546,0.06292878485071669
visit,T-learner,2,699074,0.06227029096477795,0.07079284352011625,0.008522552555338299,0.006918819893598342,0.010126285217078257
visit,T-learner,3,699074,0.018646128901499796,0.020917616228184818,0.002271487326685022,0.001379685304260882,0.003163289349109162
visit,T-learner,4,699074,0.00583784793573697,0.006454239257855389,0.0006163913221184187,0.00011653228912210075,0.0011162503551147367
visit,T-learner,5,699074,0.003076400422769138,0.0035491126375386526,0.0004727122147695148,0.00010653404611560453,0.0008388903834234251
visit,T-learner,6,699074,0.0015169645633309149,0.0018062505375745649,0.00028928597424364997,3.140159699904267e-05,0.0005471703514882573
visit,T-learner,7,699074,0.001133101676990482,0.0013638585902860899,0.0002307569132956079,7.428972811433294e-06,0.00045408485377978255
visit,T-learner,8,699074,0.0014840441621294617,0.001628230757043025,0.00014418659491356343,-0.0001094545553785199,0.00039782774520564677
visit,T-learner,9,699074,0.0012373899573053235,0.0015256083047035936,0.0002882183473982701,5.4320025116513234e-05,0.000522116669680027
visit,T-learner,10,699073,0.08969152418379119,0.09644494406297895,0.006753419879187761,0.0048807927867959055,0.008626046971579617
visit,DR-learner,1,699074,0.21510957324106114,0.2749530092263783,0.059843435985317134,0.056981340057352385,0.06270553191328188
visit,DR-learner,2,699074,0.08569857090022855,0.09320056668963299,0.007501995789404442,0.0056577356871620145,0.009346255891646869
visit,DR-learner,3,699074,0.02684613946532062,0.029118687235472746,0.002272547770152126,0.0012135177557880828,0.0033315777845161687
visit,DR-learner,4,699074,0.01230045973322257,0.0136459504706285,0.001345490737405931,0.000619026679177934,0.002071954795633928
visit,DR-learner,5,699074,0.0050916591561597,0.005971794598670718,0.000880135442511018,0.00041177136897424754,0.0013484995160477887
visit,DR-learner,6,699074,0.0046094220349187235,0.005143647620493615,0.0005342255855748917,8.81712597212553e-05,0.000980279911428528
visit,DR-learner,7,699074,0.000603420640757293,0.0007352296412214256,0.00013180900046413262,-3.1290783187933133e-05,0.0002949087841161984
visit,DR-learner,8,699074,0.0005671291920299444,0.0007568121521445259,0.00018968296011458142,3.006577124479396e-05,0.0003493001489843689
visit,DR-learner,9,699074,0.0005301875538471734,0.0007801823570943515,0.0002499948032471781,9.404966492441828e-05,0.0004059399415699379
visit,DR-learner,10,699073,0.05210710482275978,0.05614702688140359,0.004039922058643813,0.002574682280749784,0.005505161836537842
conversion,Response model,1,699074,0.01863062310823505,0.02700641841714407,0.008375795308909022,0.007426898874630844,0.0093246917431872
conversion,Response model,2,699074,0.0012447219004030985,0.001910422058647939,0.0006657001582448406,0.0004247770891667638,0.0009066232273229174
conversion,Response model,3,699074,0.00045288145827829566,0.0006558913884327062,0.0002030099301544105,5.9299950902309736e-05,0.00034671990940651125
conversion,Response model,4,699074,0.00024267313795034535,0.0003091560883476874,6.648295039734205e-05,-3.698016655754415e-05,0.00016994606735222826
conversion,Response model,5,699074,0.00012267622912144946,0.00016860449432140064,4.5928265199951177e-05,-2.84922348325943e-05,0.00012034876523249665
conversion,Response model,6,699074,6.556271542035067e-05,0.00014013027050207156,7.45675550817209e-05,1.7405647136497852e-05,0.00013172946302694393
conversion,Response model,7,699074,9.502993442934524e-06,6.73577572561144e-05,5.785476381317987e-05,2.9879676548601297e-05,8.582985107775845e-05
conversion,Response model,8,699074,1.8965615339389688e-05,7.580607122401536e-05,5.684045588462567e-05,2.246906563063689e-05,9.121184613861445e-05
conversion,Response model,9,699074,4.7054394880481836e-05,7.084852921827082e-05,2.3794134337788983e-05,-2.268266319750765e-05,7.027093187308562e-05
conversion,Response model,10,699073,4.738572931375987e-05,5.896663499315987e-05,1.15809056794e-05,-3.431756089764994e-05,5.747937225644994e-05
conversion,T-learner,1,699074,0.014620035714658674,0.021585738793167747,0.006965703078509073,0.006121663581676568,0.007809742575341577
conversion,T-learner,2,699074,0.0012287469638519789,0.0016310687455919903,0.00040232178174001145,0.00016687490305351225,0.0006377686604265107
conversion,T-learner,3,699074,0.0004045497737343707,0.0005516352526978675,0.00014708547896349677,1.2223031116253462e-05,0.0002819479268107401
conversion,T-learner,4,699074,9.447420381864732e-05,0.00022251253740149184,0.00012803833358284453,5.826063141250961e-05,0.00019781603575317946
conversion,T-learner,5,699074,2.8291477663878385e-05,0.00010791943139949582,7.962795373561743e-05,3.8108329663035316e-05,0.00012114757780819956
conversion,T-learner,6,699074,5.681818181818182e-05,8.256469533627421e-05,2.5746513518092395e-05,-2.5255320943136116e-05,7.674834797932091e-05
conversion,T-learner,7,699074,6.59680337756333e-05,8.432243550176908e-05,1.835440172613579e-05,-3.581446530972224e-05,7.252326876199382e-05
conversion,T-learner,8,699074,2.8317915801397017e-05,0.00011127333789666416,8.295542209526714e-05,4.115355734007204e-05,0.00012475728685046225
conversion,T-learner,9,699074,0.00011335726431135461,0.00012137272552569562,8.015461214341008e-06,-6.197717187974956e-05,7.800809430843158e-05
conversion,T-learner,10,699073,0.003853292256672602,0.00605973723711062,0.002206444980438018,0.0017846136986107279,0.0026282762622653086
conversion,DR-learner,1,699074,0.013719607475467216,0.02116634609007097,0.007446738614603755,0.006626085965041569,0.008267391264165942
conversion,DR-learner,2,699074,0.0014874771807477953,0.0020166469927444365,0.0005291698119966413,0.00026822481606489444,0.0007901148079283881
conversion,DR-learner,3,699074,0.0005255452532001952,0.0007999756969408524,0.00027443044374065727,0.00011912745417014693,0.0004297334333111676
conversion,DR-learner,4,699074,0.00022774720060732588,0.0003183458145105054,9.059861390317954e-05,-1.1183165364089099e-05,0.00019238039317044818
conversion,DR-learner,5,699074,4.6997781704703535e-05,0.00014341489422729743,9.64171125225939e-05,4.51693241730383e-05,0.0001476649008721495
conversion,DR-learner,6,699074,6.581297831932457e-05,0.00014172144312920947,7.59084648098849e-05,1.850452304003363e-05,0.00013331240657973615
conversion,DR-learner,7,699074,7.531821947729155e-05,0.00013325281939351413,5.793459991622258e-05,-1.957981825730521e-06,0.00011782718165817568
conversion,DR-learner,8,699074,6.563525550867322e-05,0.00013166245796929226,6.602720246061904e-05,9.30302754198205e-06,0.00012275137737925604
conversion,DR-learner,9,699074,0.00010412229636991813,0.00014323533228069406,3.911303591077593e-05,-2.9536869964061466e-05,0.00010776294178561332
conversion,DR-learner,10,699073,0.004090462515114873,0.00557131707284181,0.0014808545577269369,0.0010522383623053073,0.0019094707531485664
