arm,outcome,ranking,decile,n,control_rate,treated_rate,uplift,uplift_low,uplift_high
Mens e-mail,visit,Uplift model,1,4262,0.1577490774907749,0.2588347659980898,0.10108568850731489,0.07684463859747317,0.1253267384171566
Mens e-mail,visit,Uplift model,2,4261,0.1311163895486936,0.2077922077922078,0.07667581824351422,0.054282932060354824,0.0990687044266736
Mens e-mail,visit,Uplift model,3,4261,0.12013139371187236,0.18967136150234742,0.06953996779047507,0.04790778552342896,0.09117215005752118
Mens e-mail,visit,Uplift model,4,4262,0.10681488641855968,0.17373461012311903,0.06691972370455934,0.04621238015700707,0.08762706725211161
Mens e-mail,visit,Uplift model,5,4261,0.09120521172638436,0.18039772727272727,0.0891925155463429,0.06876484974928945,0.10962018134339635
Mens e-mail,visit,Uplift model,6,4261,0.08552935737401757,0.15014299332697809,0.06461363595296052,0.045307682725875056,0.08391958918004598
Mens e-mail,visit,Uplift model,7,4262,0.08070500927643785,0.13912630579297247,0.05842129651653462,0.039691007142089285,0.07715158589097995
Mens e-mail,visit,Uplift model,8,4261,0.07142857142857142,0.1589310829817159,0.08750251155314448,0.06851198069009745,0.10649304241619151
Mens e-mail,visit,Uplift model,9,4261,0.09048067860508954,0.16877045348293596,0.07828977487784641,0.05826209045389439,0.09831745930179844
Mens e-mail,visit,Uplift model,10,4261,0.12671394799054372,0.20037278657968313,0.07365883858913941,0.051567568385551356,0.09575010879272747
Mens e-mail,visit,Response model,1,4262,0.18770843258694617,0.3079056865464632,0.12019725395951705,0.09454927661160406,0.14584523130743005
Mens e-mail,visit,Response model,2,4261,0.1552346570397112,0.23422982885085575,0.07899517181114454,0.055235383519207565,0.10275496010308152
Mens e-mail,visit,Response model,3,4261,0.13678105364910584,0.20574817518248176,0.06896712153337592,0.046476175289757685,0.09145806777699415
Mens e-mail,visit,Response model,4,4262,0.13244402096236302,0.19694868238557559,0.06450466142321257,0.04233694676458912,0.086672376081836
Mens e-mail,visit,Response model,5,4261,0.10128388017118402,0.19462465245597776,0.09334077228479375,0.07223379952162816,0.11444774504795933
Mens e-mail,visit,Response model,6,4261,0.09739049394221808,0.17777777777777778,0.08038728383555971,0.0598191663370723,0.10095540133404712
Mens e-mail,visit,Response model,7,4262,0.0938375350140056,0.16933962264150942,0.07550208762750382,0.055313681650422775,0.09569049360458487
Mens e-mail,visit,Response model,8,4261,0.0821529745042493,0.13859076061595893,0.05643778611170963,0.037704714004419784,0.07517085821899948
Mens e-mail,visit,Response model,9,4261,0.0510677808727948,0.1134314190792596,0.0623636382064648,0.04593502423683857,0.07879225217609104
Mens e-mail,visit,Response model,10,4261,0.025925925925925925,0.08614945264159923,0.06022352671567331,0.046477712390231636,0.073969341041115
Mens e-mail,conversion,Uplift model,1,4262,0.006603773584905661,0.0196078431372549,0.013004069552349241,0.006193492981502279,0.0198146461231962
Mens e-mail,conversion,Uplift model,2,4261,0.009047619047619047,0.015733456732993985,0.006685837685374937,5.639212953756356e-05,0.013315283241212311
Mens e-mail,conversion,Uplift model,3,4261,0.004601932811780948,0.011494252873563218,0.006892320061782271,0.0015057177783998022,0.012278922345164738
Mens e-mail,conversion,Uplift model,4,4262,0.0064754856614246065,0.009047619047619047,0.002572133386194441,-0.002704707821146476,0.007848974593535358
Mens e-mail,conversion,Uplift model,5,4261,0.0077034183919114105,0.011446886446886446,0.0037434680549750356,-0.002092402715445906,0.009579338825395977
Mens e-mail,conversion,Uplift model,6,4261,0.004231311706629055,0.01218369259606373,0.007952380889434675,0.002540518683434671,0.013364243095434679
Mens e-mail,conversion,Uplift model,7,4262,0.005130597014925373,0.008026440037771483,0.00289584302284611,-0.001961873824540783,0.007753559870233003
Mens e-mail,conversion,Uplift model,8,4261,0.002304147465437788,0.010521281683405069,0.00821713421796728,0.0033998466530223564,0.013034421782912205
Mens e-mail,conversion,Uplift model,9,4261,0.005235602094240838,0.011574074074074073,0.006338471979833235,0.0008720015847091551,0.011804942374957316
Mens e-mail,conversion,Uplift model,10,4261,0.006097560975609756,0.015500234852043212,0.009402673876433456,0.003200090430541108,0.015605257322325802
Mens e-mail,conversion,Response model,1,4262,0.008352668213457077,0.022306597057427623,0.013953928843970545,0.006567954785075586,0.021339902902865505
Mens e-mail,conversion,Response model,2,4261,0.00872093023255814,0.011834319526627219,0.0031133892940690792,-0.0029326144525332167,0.009159393040671374
Mens e-mail,conversion,Response model,3,4261,0.009358914365933552,0.011299435028248588,0.0019405206623150355,-0.00413307804973248,0.008014119374362551
Mens e-mail,conversion,Response model,4,4262,0.008423022929340197,0.016,0.007576977070659803,0.000981886940913018,0.014172067200406587
Mens e-mail,conversion,Response model,5,4261,0.0037313432835820895,0.012753897024090695,0.009022553740508605,0.0035891144062943645,0.014455993074722846
Mens e-mail,conversion,Response model,6,4261,0.003778932451582428,0.008395522388059701,0.004616589936477273,-4.79162902944745e-05,0.009281096163249021
Mens e-mail,conversion,Response model,7,4262,0.004784688995215311,0.01151012891344383,0.00672543991822852,0.0013506334663873232,0.012100246370069716
Mens e-mail,conversion,Response model,8,4261,0.0046210720887245845,0.010968049594659036,0.006346977505934452,0.0010507212845449363,0.011643233727323968
Mens e-mail,conversion,Response model,9,4261,0.002805049088359046,0.0117813383600377,0.008976289271678654,0.0038662715893390863,0.014086306954018222
Mens e-mail,conversion,Response model,10,4261,0.002779064381658175,0.008563273073263558,0.005784208691605383,0.0012613509475899514,0.010307066435620814
Womens e-mail,visit,Uplift model,1,4270,0.13127051101734646,0.2166588675713617,0.08538835655401525,0.06278963119147957,0.10798708191655093
Womens e-mail,visit,Uplift model,2,4269,0.09712918660287082,0.18035796236805873,0.08322877576518792,0.06268622221879507,0.10377132931158077
Womens e-mail,visit,Uplift model,3,4269,0.10147689375893283,0.1497695852534562,0.04829269149452338,0.028481674138391852,0.0681037088506549
Womens e-mail,visit,Uplift model,4,4270,0.10277777777777777,0.16208530805687205,0.05930753027909427,0.03902319467866614,0.07959186587952241
Womens e-mail,visit,Uplift model,5,4269,0.10152526215443279,0.1515430677107324,0.0500178055562996,0.03015033830463053,0.06988527280796868
Womens e-mail,visit,Uplift model,6,4269,0.10218300046446818,0.13185255198487714,0.029669551520408954,0.010390777467192833,0.04894832557362508
Womens e-mail,visit,Uplift model,7,4270,0.09839080459770115,0.10787589498806682,0.009485090390365672,-0.008771450800969784,0.027741631581701127
Womens e-mail,visit,Uplift model,8,4269,0.10074626865671642,0.11341176470588235,0.012665496049165934,-0.005888566450465069,0.031219558548796936
Womens e-mail,visit,Uplift model,9,4269,0.1005586592178771,0.1338991041961339,0.033340444978256806,0.014053974276430639,0.05262691568008297
Womens e-mail,visit,Uplift model,10,4269,0.1258309591642925,0.16458622283865001,0.038755263674357526,0.01765920636675889,0.05985132098195616
Womens e-mail,visit,Response model,1,4270,0.17562557924003708,0.265625,0.08999942075996292,0.06524427340662661,0.11475456811329923
Womens e-mail,visit,Response model,2,4269,0.15501664289110795,0.2012927054478301,0.04627606255672215,0.023370828415431182,0.06918129669801311
Womens e-mail,visit,Response model,3,4269,0.13399153737658676,0.18720821661998133,0.05321667924339457,0.03124666824409304,0.0751866902426961
Womens e-mail,visit,Response model,4,4270,0.11706629055007052,0.16892207186187588,0.05185578131180536,0.03091456865312192,0.0727969939704888
Womens e-mail,visit,Response model,5,4269,0.10721062618595825,0.15779731605738084,0.05058668987142259,0.030316985141876373,0.0708563946009688
Womens e-mail,visit,Response model,6,4269,0.10148975791433892,0.13437057991513437,0.03288082200079545,0.0135437481879957,0.052217895813595205
Womens e-mail,visit,Response model,7,4270,0.0921485660554772,0.11945870275314979,0.0273101366976726,0.008876354335822317,0.04574391905952288
Womens e-mail,visit,Response model,8,4269,0.08428571428571428,0.11710465652374366,0.03281894223802938,0.014806423668416707,0.050831460807642045
Womens e-mail,visit,Response model,9,4269,0.059496567505720827,0.09884836852207293,0.039351801016352106,0.023143812433761738,0.05555978959894248
Womens e-mail,visit,Response model,10,4269,0.03579839849269901,0.06337371854613234,0.027575320053433335,0.014583451014046895,0.040567189092819776
Womens e-mail,conversion,Uplift model,1,4270,0.008399440037330844,0.01457451810061119,0.006175078063280345,-0.0002192807497640387,0.012569436876324728
Womens e-mail,conversion,Uplift model,2,4269,0.005319148936170213,0.012721490231712857,0.007402341295542645,0.0017664267178633094,0.01303825587322198
Womens e-mail,conversion,Uplift model,3,4269,0.006830601092896175,0.011095031355523395,0.004264430262627221,-0.001411338768351816,0.009940199293606258
Womens e-mail,conversion,Uplift model,4,4270,0.003755868544600939,0.005607476635514018,0.0018516080909130794,-0.0022429634878706056,0.005946179669696764
Womens e-mail,conversion,Uplift model,5,4269,0.003805899143672693,0.00692201199815413,0.0031161128544814373,-0.0012569410478372035,0.007489166756800078
Womens e-mail,conversion,Uplift model,6,4269,0.0051764705882352945,0.006996268656716418,0.0018197980684811236,-0.002845733172864024,0.006485329309826271
Womens e-mail,conversion,Uplift model,7,4270,0.003745318352059925,0.005154639175257732,0.0014093208231978067,-0.0025843120979656673,0.005402953744361281
Womens e-mail,conversion,Uplift model,8,4269,0.004690431519699813,0.007487131492746842,0.002796699973047029,-0.001870192286737995,0.007463592232832053
Womens e-mail,conversion,Uplift model,9,4269,0.006679389312977099,0.006442705936493327,-0.0002366833764837718,-0.005083029294518903,0.00460966254155136
Womens e-mail,conversion,Uplift model,10,4269,0.008723599632690543,0.011477761836441894,0.002754162203751352,-0.0032552701336538807,0.008763594541156584
Womens e-mail,conversion,Response model,1,4270,0.010406811731315043,0.017161410018552876,0.006754598287237833,-0.0002303423154390253,0.013739538889914691
Womens e-mail,conversion,Response model,2,4269,0.003743565746373421,0.010318949343339587,0.006575383596966166,0.0015637051072024582,0.011587062086729875
Womens e-mail,conversion,Response model,3,4269,0.008137865007180469,0.013761467889908258,0.0056236028827277885,-0.0006035066786770826,0.01185071244413266
Womens e-mail,conversion,Response model,4,4270,0.00799623706491063,0.007462686567164179,-0.0005335504977464515,-0.005788744643682759,0.004721643648189856
Womens e-mail,conversion,Response model,5,4269,0.0036663611365719525,0.006708193579300431,0.0030418324427284784,-0.001283043352827762,0.007366708238284719
Womens e-mail,conversion,Response model,6,4269,0.005161895823557016,0.009822263797942002,0.004660367974384986,-0.0005111358703849865,0.009831871819154958
Womens e-mail,conversion,Response model,7,4270,0.005250596658711217,0.005057471264367816,-0.0001931253943434014,-0.004491153011977776,0.004104902223290973
Womens e-mail,conversion,Response model,8,4269,0.003793266951161688,0.005555555555555556,0.0017622886043938677,-0.002326268060527223,0.005850845269314958
Womens e-mail,conversion,Response model,9,4269,0.0041802136553646075,0.006616257088846881,0.0024360434334822732,-0.0019649006962743683,0.006836987563238915
Womens e-mail,conversion,Response model,10,4269,0.005069124423963134,0.005717008099094807,0.0006478836751316729,-0.0037498813053861244,0.00504564865564947
