cost_over_margin,policy,share_emailed,spend_per_1000,se_per_1000,minus_blanket_per_1000,minus_blanket_se_per_1000
0.0,Uplift model (cross-selected),1.0,725.905672497745,142.3415136821807,-37.610781262551086,53.57023825630873
0.0,Response model,0.975,708.5628866710119,143.1369882082853,-54.953567089283965,25.585673802812245
0.0,Blanket Mens e-mail,1.0,763.516453760296,145.40153803847173,0.0,0.0
0.025,Uplift model (cross-selected),1.0,725.905672497745,142.3415136821807,-37.610781262551086,53.57023825630873
0.025,Response model,0.975,708.5628866710119,143.1369882082853,-54.953567089283965,25.585673802812245
0.025,Blanket Mens e-mail,1.0,763.516453760296,145.40153803847173,0.0,0.0
0.05,Uplift model (cross-selected),1.0,725.905672497745,142.3415136821807,-37.610781262551086,53.57023825630873
0.05,Response model,0.975,708.5628866710119,143.1369882082853,-54.953567089283965,25.585673802812245
0.05,Blanket Mens e-mail,1.0,763.516453760296,145.40153803847173,0.0,0.0
0.075,Uplift model (cross-selected),1.0,725.905672497745,142.3415136821807,-37.610781262551086,53.57023825630873
0.075,Response model,0.95,702.3751006417855,142.68740786592676,-61.141353118510466,27.9866562231276
0.075,Blanket Mens e-mail,1.0,763.516453760296,145.40153803847173,0.0,0.0
0.1,Uplift model (cross-selected),1.0,725.905672497745,142.3415136821807,-37.610781262551086,53.57023825630873
0.1,Response model,0.95,702.3751006417855,142.68740786592676,-61.141353118510466,27.9866562231276
0.1,Blanket Mens e-mail,1.0,763.516453760296,145.40153803847173,0.0,0.0
0.125,Uplift model (cross-selected),1.0,725.905672497745,142.3415136821807,-37.610781262551086,53.57023825630873
0.125,Response model,0.95,702.3751006417855,142.68740786592676,-61.141353118510466,27.9866562231276
0.125,Blanket Mens e-mail,1.0,763.516453760296,145.40153803847173,0.0,0.0
0.15,Uplift model (cross-selected),1.0,725.905672497745,142.3415136821807,-37.610781262551086,53.57023825630873
0.15,Response model,0.95,702.3751006417855,142.68740786592676,-61.141353118510466,27.9866562231276
0.15,Blanket Mens e-mail,1.0,763.516453760296,145.40153803847173,0.0,0.0
0.175,Uplift model (cross-selected),1.0,725.905672497745,142.3415136821807,-37.610781262551086,53.57023825630873
0.175,Response model,0.95,702.3751006417855,142.68740786592676,-61.141353118510466,27.9866562231276
0.175,Blanket Mens e-mail,1.0,763.516453760296,145.40153803847173,0.0,0.0
0.2,Uplift model (cross-selected),1.0,725.905672497745,142.3415136821807,-37.610781262551086,53.57023825630873
0.2,Response model,0.95,702.3751006417855,142.68740786592676,-61.141353118510466,27.9866562231276
0.2,Blanket Mens e-mail,1.0,763.516453760296,145.40153803847173,0.0,0.0
0.225,Uplift model (cross-selected),1.0,725.905672497745,142.3415136821807,-37.610781262551086,53.57023825630873
0.225,Response model,0.95,702.3751006417855,142.68740786592676,-61.141353118510466,27.9866562231276
0.225,Blanket Mens e-mail,1.0,763.516453760296,145.40153803847173,0.0,0.0
0.25,Uplift model (cross-selected),0.85,603.6032629741153,134.27101750874894,-159.91319078618062,101.11700727509208
0.25,Response model,0.95,702.3751006417855,142.68740786592676,-61.141353118510466,27.9866562231276
0.25,Blanket Mens e-mail,1.0,763.516453760296,145.40153803847173,0.0,0.0
0.275,Uplift model (cross-selected),0.85,603.6032629741153,134.27101750874894,-159.91319078618062,101.11700727509208
0.275,Response model,0.95,702.3751006417855,142.68740786592676,-61.141353118510466,27.9866562231276
0.275,Blanket Mens e-mail,1.0,763.516453760296,145.40153803847173,0.0,0.0
0.3,Uplift model (cross-selected),0.85,603.6032629741153,134.27101750874894,-159.91319078618062,101.11700727509208
0.3,Response model,0.95,702.3751006417855,142.68740786592676,-61.141353118510466,27.9866562231276
0.3,Blanket Mens e-mail,1.0,763.516453760296,145.40153803847173,0.0,0.0
0.325,Uplift model (cross-selected),0.85,603.6032629741153,134.27101750874894,-159.91319078618062,101.11700727509208
0.325,Response model,0.95,702.3751006417855,142.68740786592676,-61.141353118510466,27.9866562231276
0.325,Blanket Mens e-mail,1.0,763.516453760296,145.40153803847173,0.0,0.0
0.35,Uplift model (cross-selected),0.85,603.6032629741153,134.27101750874894,-159.91319078618062,101.11700727509208
0.35,Response model,0.95,702.3751006417855,142.68740786592676,-61.141353118510466,27.9866562231276
0.35,Blanket Mens e-mail,1.0,763.516453760296,145.40153803847173,0.0,0.0
0.375,Uplift model (cross-selected),0.85,603.6032629741153,134.27101750874894,-159.91319078618062,101.11700727509208
0.375,Response model,0.925,702.2075835226157,142.22682221086706,-61.30887023768028,30.24043137628349
0.375,Blanket Mens e-mail,1.0,763.516453760296,145.40153803847173,0.0,0.0
0.4,Uplift model (cross-selected),0.85,603.6032629741153,134.27101750874894,-159.91319078618062,101.11700727509208
0.4,Response model,0.925,702.2075835226157,142.22682221086706,-61.30887023768028,30.24043137628349
0.4,Blanket Mens e-mail,1.0,763.516453760296,145.40153803847173,0.0,0.0
0.425,Uplift model (cross-selected),0.750015625,582.6843661743414,128.25638638950738,-180.83208758595447,104.93779502435355
0.425,Response model,0.925,702.2075835226157,142.22682221086706,-61.30887023768028,30.24043137628349
0.425,Blanket Mens e-mail,1.0,763.516453760296,145.40153803847173,0.0,0.0
0.45,Uplift model (cross-selected),0.750015625,582.6843661743414,128.25638638950738,-180.83208758595447,104.93779502435355
0.45,Response model,0.925,702.2075835226157,142.22682221086706,-61.30887023768028,30.24043137628349
0.45,Blanket Mens e-mail,1.0,763.516453760296,145.40153803847173,0.0,0.0
0.475,Uplift model (cross-selected),0.750015625,582.6843661743414,128.25638638950738,-180.83208758595447,104.93779502435355
0.475,Response model,0.925,702.2075835226157,142.22682221086706,-61.30887023768028,30.24043137628349
0.475,Blanket Mens e-mail,1.0,763.516453760296,145.40153803847173,0.0,0.0
0.5,Uplift model (cross-selected),0.750015625,582.6843661743414,128.25638638950738,-180.83208758595447,104.93779502435355
0.5,Response model,0.925,702.2075835226157,142.22682221086706,-61.30887023768028,30.24043137628349
0.5,Blanket Mens e-mail,1.0,763.516453760296,145.40153803847173,0.0,0.0
0.525,Uplift model (cross-selected),0.750015625,582.6843661743414,128.25638638950738,-180.83208758595447,104.93779502435355
0.525,Response model,0.775,583.181054213704,135.8428200349698,-180.335399546592,51.88084488653318
0.525,Blanket Mens e-mail,1.0,763.516453760296,145.40153803847173,0.0,0.0
0.55,Uplift model (cross-selected),0.750015625,582.6843661743414,128.25638638950738,-180.83208758595447,104.93779502435355
0.55,Response model,0.775,583.181054213704,135.8428200349698,-180.335399546592,51.88084488653318
0.55,Blanket Mens e-mail,1.0,763.516453760296,145.40153803847173,0.0,0.0
0.575,Uplift model (cross-selected),0.750015625,582.6843661743414,128.25638638950738,-180.83208758595447,104.93779502435355
0.575,Response model,0.775,583.181054213704,135.8428200349698,-180.335399546592,51.88084488653318
0.575,Blanket Mens e-mail,1.0,763.516453760296,145.40153803847173,0.0,0.0
0.6,Uplift model (cross-selected),0.750015625,582.6843661743414,128.25638638950738,-180.83208758595447,104.93779502435355
0.6,Response model,0.775,583.181054213704,135.8428200349698,-180.335399546592,51.88084488653318
0.6,Blanket Mens e-mail,1.0,763.516453760296,145.40153803847173,0.0,0.0
0.625,Uplift model (cross-selected),0.750015625,582.6843661743414,128.25638638950738,-180.83208758595447,104.93779502435355
0.625,Response model,0.425015625,308.4766234785401,108.19157882761188,-455.03983028175594,97.16262727629528
0.625,Blanket Mens e-mail,1.0,763.516453760296,145.40153803847173,0.0,0.0
0.65,Uplift model (cross-selected),0.750015625,582.6843661743414,128.25638638950738,-180.83208758595447,104.93779502435355
0.65,Response model,0.425015625,308.4766234785401,108.19157882761188,-455.03983028175594,97.16262727629528
0.65,Blanket Mens e-mail,1.0,763.516453760296,145.40153803847173,0.0,0.0
0.675,Uplift model (cross-selected),0.750015625,582.6843661743414,128.25638638950738,-180.83208758595447,104.93779502435355
0.675,Response model,0.425015625,308.4766234785401,108.19157882761188,-455.03983028175594,97.16262727629528
0.675,Blanket Mens e-mail,1.0,763.516453760296,145.40153803847173,0.0,0.0
0.7,Uplift model (cross-selected),0.750015625,582.6843661743414,128.25638638950738,-180.83208758595447,104.93779502435355
0.7,Response model,0.425015625,308.4766234785401,108.19157882761188,-455.03983028175594,97.16262727629528
0.7,Blanket Mens e-mail,1.0,763.516453760296,145.40153803847173,0.0,0.0
0.725,Uplift model (cross-selected),0.750015625,582.6843661743414,128.25638638950738,-180.83208758595447,104.93779502435355
0.725,Response model,0.425015625,308.4766234785401,108.19157882761188,-455.03983028175594,97.16262727629528
0.725,Blanket Mens e-mail,1.0,763.516453760296,145.40153803847173,0.0,0.0
0.75,Uplift model (cross-selected),0.675015625,522.2883489720471,124.68613505871981,-241.2281047882489,109.1392291834651
0.75,Response model,0.425015625,308.4766234785401,108.19157882761188,-455.03983028175594,97.16262727629528
0.75,Blanket Mens e-mail,1.0,763.516453760296,145.40153803847173,0.0,0.0
0.775,Uplift model (cross-selected),0.675015625,522.2883489720471,124.68613505871981,-241.2281047882489,109.1392291834651
0.775,Response model,0.425015625,308.4766234785401,108.19157882761188,-455.03983028175594,97.16262727629528
0.775,Blanket Mens e-mail,1.0,763.516453760296,145.40153803847173,0.0,0.0
0.8,Uplift model (cross-selected),0.675015625,522.2883489720471,124.68613505871981,-241.2281047882489,109.1392291834651
0.8,Response model,0.425015625,308.4766234785401,108.19157882761188,-455.03983028175594,97.16262727629528
0.8,Blanket Mens e-mail,1.0,763.516453760296,145.40153803847173,0.0,0.0
0.825,Uplift model (cross-selected),0.500015625,330.83579216049156,103.3251120959274,-432.68066159980447,115.02917068709415
0.825,Response model,0.425015625,308.4766234785401,108.19157882761188,-455.03983028175594,97.16262727629528
0.825,Blanket Mens e-mail,1.0,763.516453760296,145.40153803847173,0.0,0.0
0.85,Uplift model (cross-selected),0.500015625,330.83579216049156,103.3251120959274,-432.68066159980447,115.02917068709415
0.85,Response model,0.425015625,308.4766234785401,108.19157882761188,-455.03983028175594,97.16262727629528
0.85,Blanket Mens e-mail,1.0,763.516453760296,145.40153803847173,0.0,0.0
0.875,Uplift model (cross-selected),0.500015625,330.83579216049156,103.3251120959274,-432.68066159980447,115.02917068709415
0.875,Response model,0.425015625,308.4766234785401,108.19157882761188,-455.03983028175594,97.16262727629528
0.875,Blanket Mens e-mail,1.0,763.516453760296,145.40153803847173,0.0,0.0
0.9,Uplift model (cross-selected),0.500015625,330.83579216049156,103.3251120959274,-432.68066159980447,115.02917068709415
0.9,Response model,0.425015625,308.4766234785401,108.19157882761188,-455.03983028175594,97.16262727629528
0.9,Blanket Mens e-mail,1.0,763.516453760296,145.40153803847173,0.0,0.0
0.925,Uplift model (cross-selected),0.350015625,206.86458142038484,86.16986900326096,-556.651872339911,126.25853965324448
0.925,Response model,0.425015625,308.4766234785401,108.19157882761188,-455.03983028175594,97.16262727629528
0.925,Blanket Mens e-mail,1.0,763.516453760296,145.40153803847173,0.0,0.0
0.95,Uplift model (cross-selected),0.350015625,206.86458142038484,86.16986900326096,-556.651872339911,126.25853965324448
0.95,Response model,0.175,178.6773644697344,71.6219029883416,-584.8390892905616,126.55108009971302
0.95,Blanket Mens e-mail,1.0,763.516453760296,145.40153803847173,0.0,0.0
0.975,Uplift model (cross-selected),0.125,172.47373857033853,50.37051640284002,-591.0427151899574,139.23107783895006
0.975,Response model,0.125,175.34317965188785,60.975027388016166,-588.1732741084081,132.01089435997034
0.975,Blanket Mens e-mail,1.0,763.516453760296,145.40153803847173,0.0,0.0
1.0,Uplift model (cross-selected),0.125,172.47373857033853,50.37051640284002,-591.0427151899574,139.23107783895006
1.0,Response model,0.125,175.34317965188785,60.975027388016166,-588.1732741084081,132.01089435997034
1.0,Blanket Mens e-mail,1.0,763.516453760296,145.40153803847173,0.0,0.0
1.025,Uplift model (cross-selected),0.125,172.47373857033853,50.37051640284002,-591.0427151899574,139.23107783895006
1.025,Response model,0.125,175.34317965188785,60.975027388016166,-588.1732741084081,132.01089435997034
1.025,Blanket Mens e-mail,1.0,763.516453760296,145.40153803847173,0.0,0.0
1.05,Uplift model (cross-selected),0.125,172.47373857033853,50.37051640284002,-591.0427151899574,139.23107783895006
1.05,Response model,0.125,175.34317965188785,60.975027388016166,-588.1732741084081,132.01089435997034
1.05,Blanket Mens e-mail,1.0,763.516453760296,145.40153803847173,0.0,0.0
1.075,Uplift model (cross-selected),0.125,172.47373857033853,50.37051640284002,-591.0427151899574,139.23107783895006
1.075,Response model,0.125,175.34317965188785,60.975027388016166,-588.1732741084081,132.01089435997034
1.075,Blanket Mens e-mail,1.0,763.516453760296,145.40153803847173,0.0,0.0
1.1,Uplift model (cross-selected),0.075,91.38151859377277,41.737948647713765,-672.1349351665233,140.39829438900594
1.1,Response model,0.075,84.6906648179557,42.61339990104606,-678.8257889423403,139.02338655736497
1.1,Blanket Mens e-mail,1.0,763.516453760296,145.40153803847173,0.0,0.0
1.125,Uplift model (cross-selected),0.075,91.38151859377277,41.737948647713765,-672.1349351665233,140.39829438900594
1.125,Response model,0.075,84.6906648179557,42.61339990104606,-678.8257889423403,139.02338655736497
1.125,Blanket Mens e-mail,1.0,763.516453760296,145.40153803847173,0.0,0.0
1.15,Uplift model (cross-selected),0.075,91.38151859377277,41.737948647713765,-672.1349351665233,140.39829438900594
1.15,Response model,0.075,84.6906648179557,42.61339990104606,-678.8257889423403,139.02338655736497
1.15,Blanket Mens e-mail,1.0,763.516453760296,145.40153803847173,0.0,0.0
1.175,Uplift model (cross-selected),0.075,91.38151859377277,41.737948647713765,-672.1349351665233,140.39829438900594
1.175,Response model,0.075,84.6906648179557,42.61339990104606,-678.8257889423403,139.02338655736497
1.175,Blanket Mens e-mail,1.0,763.516453760296,145.40153803847173,0.0,0.0
1.2,Uplift model (cross-selected),0.075,91.38151859377277,41.737948647713765,-672.1349351665233,140.39829438900594
1.2,Response model,0.075,84.6906648179557,42.61339990104606,-678.8257889423403,139.02338655736497
1.2,Blanket Mens e-mail,1.0,763.516453760296,145.40153803847173,0.0,0.0
1.225,Uplift model (cross-selected),0.075,91.38151859377277,41.737948647713765,-672.1349351665233,140.39829438900594
1.225,Response model,0.05,54.194266327353745,38.74454393074118,-709.3221874329423,140.14873843771468
1.225,Blanket Mens e-mail,1.0,763.516453760296,145.40153803847173,0.0,0.0
1.25,Uplift model (cross-selected),0.075,91.38151859377277,41.737948647713765,-672.1349351665233,140.39829438900594
1.25,Response model,0.05,54.194266327353745,38.74454393074118,-709.3221874329423,140.14873843771468
1.25,Blanket Mens e-mail,1.0,763.516453760296,145.40153803847173,0.0,0.0
1.275,Uplift model (cross-selected),0.075,91.38151859377277,41.737948647713765,-672.1349351665233,140.39829438900594
1.275,Response model,0.05,54.194266327353745,38.74454393074118,-709.3221874329423,140.14873843771468
1.275,Blanket Mens e-mail,1.0,763.516453760296,145.40153803847173,0.0,0.0
1.3,Uplift model (cross-selected),0.075,91.38151859377277,41.737948647713765,-672.1349351665233,140.39829438900594
1.3,Response model,0.05,54.194266327353745,38.74454393074118,-709.3221874329423,140.14873843771468
1.3,Blanket Mens e-mail,1.0,763.516453760296,145.40153803847173,0.0,0.0
1.325,Uplift model (cross-selected),0.075,91.38151859377277,41.737948647713765,-672.1349351665233,140.39829438900594
1.325,Response model,0.05,54.194266327353745,38.74454393074118,-709.3221874329423,140.14873843771468
1.325,Blanket Mens e-mail,1.0,763.516453760296,145.40153803847173,0.0,0.0
1.35,Uplift model (cross-selected),0.075,91.38151859377277,41.737948647713765,-672.1349351665233,140.39829438900594
1.35,Response model,0.05,54.194266327353745,38.74454393074118,-709.3221874329423,140.14873843771468
1.35,Blanket Mens e-mail,1.0,763.516453760296,145.40153803847173,0.0,0.0
1.375,Uplift model (cross-selected),0.075,91.38151859377277,41.737948647713765,-672.1349351665233,140.39829438900594
1.375,Response model,0.05,54.194266327353745,38.74454393074118,-709.3221874329423,140.14873843771468
1.375,Blanket Mens e-mail,1.0,763.516453760296,145.40153803847173,0.0,0.0
1.4,Uplift model (cross-selected),0.075,91.38151859377277,41.737948647713765,-672.1349351665233,140.39829438900594
1.4,Response model,0.05,54.194266327353745,38.74454393074118,-709.3221874329423,140.14873843771468
1.4,Blanket Mens e-mail,1.0,763.516453760296,145.40153803847173,0.0,0.0
1.425,Uplift model (cross-selected),0.075,91.38151859377277,41.737948647713765,-672.1349351665233,140.39829438900594
1.425,Response model,0.05,54.194266327353745,38.74454393074118,-709.3221874329423,140.14873843771468
1.425,Blanket Mens e-mail,1.0,763.516453760296,145.40153803847173,0.0,0.0
1.45,Uplift model (cross-selected),0.05,49.985387407919134,36.62761373939817,-713.5310663523769,140.71693118089897
1.45,Response model,0.05,54.194266327353745,38.74454393074118,-709.3221874329423,140.14873843771468
1.45,Blanket Mens e-mail,1.0,763.516453760296,145.40153803847173,0.0,0.0
1.475,Uplift model (cross-selected),0.05,49.985387407919134,36.62761373939817,-713.5310663523769,140.71693118089897
1.475,Response model,0.05,54.194266327353745,38.74454393074118,-709.3221874329423,140.14873843771468
1.475,Blanket Mens e-mail,1.0,763.516453760296,145.40153803847173,0.0,0.0
1.5,Uplift model (cross-selected),0.05,49.985387407919134,36.62761373939817,-713.5310663523769,140.71693118089897
1.5,Response model,0.05,54.194266327353745,38.74454393074118,-709.3221874329423,140.14873843771468
1.5,Blanket Mens e-mail,1.0,763.516453760296,145.40153803847173,0.0,0.0
1.525,Uplift model (cross-selected),0.05,49.985387407919134,36.62761373939817,-713.5310663523769,140.71693118089897
1.525,Response model,0.05,54.194266327353745,38.74454393074118,-709.3221874329423,140.14873843771468
1.525,Blanket Mens e-mail,1.0,763.516453760296,145.40153803847173,0.0,0.0
1.55,Uplift model (cross-selected),0.05,49.985387407919134,36.62761373939817,-713.5310663523769,140.71693118089897
1.55,Response model,0.05,54.194266327353745,38.74454393074118,-709.3221874329423,140.14873843771468
1.55,Blanket Mens e-mail,1.0,763.516453760296,145.40153803847173,0.0,0.0
1.575,Uplift model (cross-selected),0.05,49.985387407919134,36.62761373939817,-713.5310663523769,140.71693118089897
1.575,Response model,0.05,54.194266327353745,38.74454393074118,-709.3221874329423,140.14873843771468
1.575,Blanket Mens e-mail,1.0,763.516453760296,145.40153803847173,0.0,0.0
1.6,Uplift model (cross-selected),0.05,49.985387407919134,36.62761373939817,-713.5310663523769,140.71693118089897
1.6,Response model,0.05,54.194266327353745,38.74454393074118,-709.3221874329423,140.14873843771468
1.6,Blanket Mens e-mail,1.0,763.516453760296,145.40153803847173,0.0,0.0
1.625,Uplift model (cross-selected),0.05,49.985387407919134,36.62761373939817,-713.5310663523769,140.71693118089897
1.625,Response model,0.05,54.194266327353745,38.74454393074118,-709.3221874329423,140.14873843771468
1.625,Blanket Mens e-mail,1.0,763.516453760296,145.40153803847173,0.0,0.0
1.65,Uplift model (cross-selected),0.05,49.985387407919134,36.62761373939817,-713.5310663523769,140.71693118089897
1.65,Response model,0.05,54.194266327353745,38.74454393074118,-709.3221874329423,140.14873843771468
1.65,Blanket Mens e-mail,1.0,763.516453760296,145.40153803847173,0.0,0.0
1.675,Uplift model (cross-selected),0.05,49.985387407919134,36.62761373939817,-713.5310663523769,140.71693118089897
1.675,Response model,0.05,54.194266327353745,38.74454393074118,-709.3221874329423,140.14873843771468
1.675,Blanket Mens e-mail,1.0,763.516453760296,145.40153803847173,0.0,0.0
1.7,Uplift model (cross-selected),0.05,49.985387407919134,36.62761373939817,-713.5310663523769,140.71693118089897
1.7,Response model,0.05,54.194266327353745,38.74454393074118,-709.3221874329423,140.14873843771468
1.7,Blanket Mens e-mail,1.0,763.516453760296,145.40153803847173,0.0,0.0
1.725,Uplift model (cross-selected),0.05,49.985387407919134,36.62761373939817,-713.5310663523769,140.71693118089897
1.725,Response model,0.05,54.194266327353745,38.74454393074118,-709.3221874329423,140.14873843771468
1.725,Blanket Mens e-mail,1.0,763.516453760296,145.40153803847173,0.0,0.0
1.75,Uplift model (cross-selected),0.05,49.985387407919134,36.62761373939817,-713.5310663523769,140.71693118089897
1.75,Response model,0.05,54.194266327353745,38.74454393074118,-709.3221874329423,140.14873843771468
1.75,Blanket Mens e-mail,1.0,763.516453760296,145.40153803847173,0.0,0.0
1.775,Uplift model (cross-selected),0.05,49.985387407919134,36.62761373939817,-713.5310663523769,140.71693118089897
1.775,Response model,0.05,54.194266327353745,38.74454393074118,-709.3221874329423,140.14873843771468
1.775,Blanket Mens e-mail,1.0,763.516453760296,145.40153803847173,0.0,0.0
1.8,Uplift model (cross-selected),0.05,49.985387407919134,36.62761373939817,-713.5310663523769,140.71693118089897
1.8,Response model,0.05,54.194266327353745,38.74454393074118,-709.3221874329423,140.14873843771468
1.8,Blanket Mens e-mail,1.0,763.516453760296,145.40153803847173,0.0,0.0
1.825,Uplift model (cross-selected),0.05,49.985387407919134,36.62761373939817,-713.5310663523769,140.71693118089897
1.825,Response model,0.05,54.194266327353745,38.74454393074118,-709.3221874329423,140.14873843771468
1.825,Blanket Mens e-mail,1.0,763.516453760296,145.40153803847173,0.0,0.0
1.85,Uplift model (cross-selected),0.05,49.985387407919134,36.62761373939817,-713.5310663523769,140.71693118089897
1.85,Response model,0.05,54.194266327353745,38.74454393074118,-709.3221874329423,140.14873843771468
1.85,Blanket Mens e-mail,1.0,763.516453760296,145.40153803847173,0.0,0.0
1.875,Uplift model (cross-selected),0.05,49.985387407919134,36.62761373939817,-713.5310663523769,140.71693118089897
1.875,Response model,0.05,54.194266327353745,38.74454393074118,-709.3221874329423,140.14873843771468
1.875,Blanket Mens e-mail,1.0,763.516453760296,145.40153803847173,0.0,0.0
1.9,Uplift model (cross-selected),0.05,49.985387407919134,36.62761373939817,-713.5310663523769,140.71693118089897
1.9,Response model,0.05,54.194266327353745,38.74454393074118,-709.3221874329423,140.14873843771468
1.9,Blanket Mens e-mail,1.0,763.516453760296,145.40153803847173,0.0,0.0
1.925,Uplift model (cross-selected),0.05,49.985387407919134,36.62761373939817,-713.5310663523769,140.71693118089897
1.925,Response model,0.05,54.194266327353745,38.74454393074118,-709.3221874329423,140.14873843771468
1.925,Blanket Mens e-mail,1.0,763.516453760296,145.40153803847173,0.0,0.0
1.95,Uplift model (cross-selected),0.05,49.985387407919134,36.62761373939817,-713.5310663523769,140.71693118089897
1.95,Response model,0.05,54.194266327353745,38.74454393074118,-709.3221874329423,140.14873843771468
1.95,Blanket Mens e-mail,1.0,763.516453760296,145.40153803847173,0.0,0.0
1.975,Uplift model (cross-selected),0.05,49.985387407919134,36.62761373939817,-713.5310663523769,140.71693118089897
1.975,Response model,0.05,54.194266327353745,38.74454393074118,-709.3221874329423,140.14873843771468
1.975,Blanket Mens e-mail,1.0,763.516453760296,145.40153803847173,0.0,0.0
2.0,Uplift model (cross-selected),0.05,49.985387407919134,36.62761373939817,-713.5310663523769,140.71693118089897
2.0,Response model,0.05,54.194266327353745,38.74454393074118,-709.3221874329423,140.14873843771468
2.0,Blanket Mens e-mail,1.0,763.516453760296,145.40153803847173,0.0,0.0
