outcome,policy,share,estimator,value_per_1000,low,high
visit,Uplift model (cross-selected),0.0,dr,0.0,0.0,0.0
visit,Response model,0.0,dr,0.0,0.0,0.0
visit,DR-learner (LightGBM) on the target,0.0,dr,0.0,0.0,0.0
visit,Random (Mens e-mail),0.0,dr,0.0,0.0,0.0
visit,Uplift model (cross-selected),0.05,dr,4.001984671907907,2.185524471716214,5.8184448720996
visit,Response model,0.05,dr,6.954796880597314,5.06762818568269,8.841965575511937
visit,DR-learner (LightGBM) on the target,0.05,dr,5.86109963716335,4.125141583587358,7.597057690739342
visit,Random (Mens e-mail),0.05,dr,3.803956374028889,3.476539734841072,4.131373013216707
visit,Uplift model (cross-selected),0.1,dr,8.829109462146485,6.345209697567448,11.313009226725525
visit,Response model,0.1,dr,11.84960545706712,9.265774960266175,14.433435953868068
visit,DR-learner (LightGBM) on the target,0.1,dr,9.588149577959879,7.197920696667523,11.978378459252236
visit,Random (Mens e-mail),0.1,dr,7.607912748057778,6.953079469682144,8.262746026433414
visit,Uplift model (cross-selected),0.15,dr,12.921655838026101,9.948322816190858,15.894988859861341
visit,Response model,0.15,dr,15.420348525631045,12.314659672047174,18.526037379214916
visit,DR-learner (LightGBM) on the target,0.15,dr,14.118458183964297,11.251283412948036,16.98563295498056
visit,Random (Mens e-mail),0.15,dr,11.411869122086667,10.429619204523215,12.394119039650118
visit,Uplift model (cross-selected),0.2,dr,16.33161059840545,12.94101123627462,19.72220996053628
visit,Response model,0.2,dr,19.756914955376637,16.260130161644586,23.253699749108687
visit,DR-learner (LightGBM) on the target,0.2,dr,16.78541842021432,13.508283727361572,20.06255311306707
visit,Random (Mens e-mail),0.2,dr,15.215825496115556,13.906158939364287,16.525492052866827
visit,Uplift model (cross-selected),0.25,dr,19.265112658770384,15.53759530735022,22.992630010190545
visit,Response model,0.25,dr,22.102874130636238,18.238882989906614,25.966865271365865
visit,DR-learner (LightGBM) on the target,0.25,dr,20.16413941163436,16.56315317423392,23.765125649034797
visit,Random (Mens e-mail),0.25,dr,19.019781870144445,17.38269867420536,20.65686506608353
visit,Uplift model (cross-selected),0.3,dr,23.734800461983188,19.697759364055944,27.77184155991043
visit,Response model,0.3,dr,26.67059442385402,22.50377182227376,30.83741702543428
visit,DR-learner (LightGBM) on the target,0.3,dr,24.35252070557577,20.45335494903832,28.25168646211322
visit,Random (Mens e-mail),0.3,dr,22.823738244173335,20.85923840904643,24.788238079300235
visit,Uplift model (cross-selected),0.35,dr,27.31831083774062,23.018365615345004,31.618256060136233
visit,Response model,0.35,dr,30.373970672398883,25.918075058306172,34.829866286491594
visit,DR-learner (LightGBM) on the target,0.35,dr,27.90524893569007,23.750809531514733,32.05968833986541
visit,Random (Mens e-mail),0.35,dr,26.627694618202224,24.335778143887502,28.919611092516945
visit,Uplift model (cross-selected),0.4,dr,30.237306060928045,25.68678198325237,34.78783013860372
visit,Response model,0.4,dr,33.035342369759114,28.31702941305568,37.75365532646255
visit,DR-learner (LightGBM) on the target,0.4,dr,30.930324018085855,26.52617805137373,35.33446998479798
visit,Random (Mens e-mail),0.4,dr,30.431650992231113,27.812317878728575,33.050984105733654
visit,Uplift model (cross-selected),0.45,dr,33.22674190697845,28.448613591038743,38.00487022291815
visit,Response model,0.45,dr,37.275367025565686,32.32059582659639,42.23013822453498
visit,DR-learner (LightGBM) on the target,0.45,dr,33.46061219282026,28.844020009831876,38.077204375808634
visit,Random (Mens e-mail),0.45,dr,34.235607366260005,31.288857613569643,37.182357118950364
visit,Uplift model (cross-selected),0.5,dr,38.20748146256511,33.19871663585284,43.216246289277386
visit,Response model,0.5,dr,42.446735758941585,37.27437902621001,47.61909249167315
visit,DR-learner (LightGBM) on the target,0.5,dr,38.92736930953672,34.09346176984132,43.76127684923212
visit,Random (Mens e-mail),0.5,dr,38.03956374028889,34.76539734841072,41.31373013216706
visit,Uplift model (cross-selected),0.55,dr,42.02841826043728,36.815252767399116,47.241583753475446
visit,Response model,0.55,dr,45.488482662747224,40.10991779766057,50.867047527833876
visit,DR-learner (LightGBM) on the target,0.55,dr,42.435844146090744,37.39164801157864,47.48004028060285
visit,Random (Mens e-mail),0.55,dr,41.84352011431778,38.2419370832518,45.445103145383776
visit,Uplift model (cross-selected),0.6,dr,45.0250697123948,39.61649745733351,50.4336419674561
visit,Response model,0.6,dr,50.44950145889013,44.88716621341759,56.01183670436267
visit,DR-learner (LightGBM) on the target,0.6,dr,46.15199313463614,40.91881687398008,51.38516939529221
visit,Random (Mens e-mail),0.6,dr,45.64747648834667,41.71847681809286,49.57647615860047
visit,Uplift model (cross-selected),0.65,dr,49.13475647147621,43.55594218401265,54.71357075893976
visit,Response model,0.65,dr,53.9501457849829,48.2099881401412,59.69030342982461
visit,DR-learner (LightGBM) on the target,0.65,dr,51.254279754888486,45.839944460977236,56.66861504879974
visit,Random (Mens e-mail),0.65,dr,49.45143286237556,45.195016552933936,53.70784917181719
visit,Uplift model (cross-selected),0.7,dr,53.41452963902253,47.669652959353115,59.15940631869194
visit,Response model,0.7,dr,58.06292288480735,52.15104662463732,63.974799144977375
visit,DR-learner (LightGBM) on the target,0.7,dr,54.41571782295348,48.83939881076663,59.99203683514034
visit,Random (Mens e-mail),0.7,dr,53.25538923640445,48.671556287775005,57.83922218503389
visit,Uplift model (cross-selected),0.75,dr,56.879047828274594,50.96794126354822,62.79015439300098
visit,Response model,0.75,dr,61.417782265207606,55.35581201826595,67.47975251214926
visit,DR-learner (LightGBM) on the target,0.75,dr,58.5639058833289,52.819617288704556,64.30819447795325
visit,Random (Mens e-mail),0.75,dr,57.05934561043334,52.14809602261608,61.9705951982506
visit,Uplift model (cross-selected),0.8,dr,60.34463731428806,54.283253436708364,66.40602119186775
visit,Response model,0.8,dr,63.80172390576641,57.602333228637,70.00111458289582
visit,DR-learner (LightGBM) on the target,0.8,dr,61.5050753586843,55.601137427040406,67.4090132903282
visit,Random (Mens e-mail),0.8,dr,60.863301984462225,55.62463575745715,66.10196821146731
visit,Uplift model (cross-selected),0.85,dr,64.36309376329713,58.17191523259009,70.55427229400416
visit,Response model,0.85,dr,67.32171174815815,61.008248092428076,73.63517540388824
visit,DR-learner (LightGBM) on the target,0.85,dr,64.35147057746181,58.287994893912426,70.4149462610112
visit,Random (Mens e-mail),0.85,dr,64.66725835849111,59.101175492298225,70.23334122468401
visit,Uplift model (cross-selected),0.9,dr,67.91470512333879,61.597810653899515,74.23159959277807
visit,Response model,0.9,dr,70.00757295586088,63.59881785660443,76.41632805511733
visit,DR-learner (LightGBM) on the target,0.9,dr,67.80238912932631,61.58184454060307,74.02293371804956
visit,Random (Mens e-mail),0.9,dr,68.47121473252001,62.57771522713929,74.36471423790073
visit,Uplift model (cross-selected),0.95,dr,71.38833352210091,64.95900861976827,77.81765842443355
visit,Response model,0.95,dr,72.82083905300436,66.32954533879281,79.31213276721591
visit,DR-learner (LightGBM) on the target,0.95,dr,71.39915174801607,65.02692790453207,77.77137559150005
visit,Random (Mens e-mail),0.95,dr,72.2751711065489,66.05425496198036,78.49608725111743
visit,Uplift model (cross-selected),1.0,dr,75.50945610835892,68.95790683567904,82.06100538103881
visit,Response model,1.0,dr,76.07912748057778,69.53079469682145,82.62746026433412
visit,DR-learner (LightGBM) on the target,1.0,dr,75.26522127998881,68.71768717648757,81.81275538349003
visit,Random (Mens e-mail),1.0,dr,76.07912748057778,69.53079469682145,82.62746026433412
visit,Uplift model (cross-selected),0.0,ipw,0.0,0.0,0.0
visit,Response model,0.0,ipw,0.0,0.0,0.0
visit,DR-learner (LightGBM) on the target,0.0,ipw,0.0,0.0,0.0
visit,Random (Mens e-mail),0.0,ipw,0.0,0.0,0.0
visit,Uplift model (cross-selected),0.05,ipw,4.453125,2.34830926103573,6.55794073896427
visit,Response model,0.05,ipw,7.03125,4.800302549279368,9.262197450720633
visit,DR-learner (LightGBM) on the target,0.05,ipw,5.953125,3.9810451906227353,7.925204809377265
visit,Random (Mens e-mail),0.05,ipw,3.825,3.4657976873608085,4.184202312639192
visit,Uplift model (cross-selected),0.1,ipw,9.0,6.157209079871601,11.842790920128397
visit,Response model,0.1,ipw,12.609375,9.609903404786465,15.608846595213537
visit,DR-learner (LightGBM) on the target,0.1,ipw,9.140625,6.445713892941091,11.835536107058907
visit,Random (Mens e-mail),0.1,ipw,7.65,6.931595374721617,8.368404625278384
visit,Uplift model (cross-selected),0.15,ipw,13.640625,10.265361634893289,17.01588836510671
visit,Response model,0.15,ipw,15.703124999999998,12.1362745191681,19.269975480831896
visit,DR-learner (LightGBM) on the target,0.15,ipw,13.40625,10.18577767950285,16.626722320497148
visit,Random (Mens e-mail),0.15,ipw,11.475,10.397393062082424,12.552606937917574
visit,Uplift model (cross-selected),0.2,ipw,17.109375,13.2759941642158,20.942755835784197
visit,Response model,0.2,ipw,19.03125,15.046178159000801,23.0163218409992
visit,DR-learner (LightGBM) on the target,0.2,ipw,16.21875,12.541344131330714,19.89615586866929
visit,Random (Mens e-mail),0.2,ipw,15.3,13.863190749443234,16.736809250556767
visit,Uplift model (cross-selected),0.25,ipw,19.875,15.679674270081712,24.070325729918288
visit,Response model,0.25,ipw,22.03125,17.651499821294877,26.41100017870512
visit,DR-learner (LightGBM) on the target,0.25,ipw,19.734375,15.708414970250848,23.760335029749147
visit,Random (Mens e-mail),0.25,ipw,19.125,17.328988436804043,20.921011563195957
visit,Uplift model (cross-selected),0.3,ipw,25.125,20.594659090591545,29.65534090940846
visit,Response model,0.3,ipw,27.140625,22.439975900429296,31.841274099570708
visit,DR-learner (LightGBM) on the target,0.3,ipw,24.375,20.026945679500315,28.72305432049969
visit,Random (Mens e-mail),0.3,ipw,22.95,20.794786124164848,25.105213875835148
visit,Uplift model (cross-selected),0.35,ipw,29.015625,24.20734422288953,33.82390577711047
visit,Response model,0.35,ipw,31.125,26.112085718977898,36.1379142810221
visit,DR-learner (LightGBM) on the target,0.35,ipw,28.171875,23.553108629501814,32.790641370498186
visit,Random (Mens e-mail),0.35,ipw,26.774999999999995,24.260583811525656,29.289416188474338
visit,Uplift model (cross-selected),0.4,ipw,32.203125,27.12952740522417,37.276722594775826
visit,Response model,0.4,ipw,33.890625,28.59942075972792,39.18182924027208
visit,DR-learner (LightGBM) on the target,0.4,ipw,31.640625,26.75323674802744,36.52801325197255
visit,Random (Mens e-mail),0.4,ipw,30.6,27.726381498886468,33.473618501113535
visit,Uplift model (cross-selected),0.45,ipw,34.78125,29.467310266683402,40.0951897333166
visit,Response model,0.45,ipw,38.25,32.708848854611965,43.791151145388035
visit,DR-learner (LightGBM) on the target,0.45,ipw,34.171875,29.06422739347457,39.279522606525425
visit,Random (Mens e-mail),0.45,ipw,34.425,31.19217918624727,37.65782081375273
visit,Uplift model (cross-selected),0.5,ipw,39.28125,33.71621058718144,44.84628941281855
visit,Response model,0.5,ipw,43.734375,37.96354596391554,49.50520403608445
visit,DR-learner (LightGBM) on the target,0.5,ipw,39.75,34.4080454055273,45.0919545944727
visit,Random (Mens e-mail),0.5,ipw,38.25,34.657976873608085,41.842023126391915
visit,Uplift model (cross-selected),0.55,ipw,43.171875,37.38910270579216,48.95464729420784
visit,Response model,0.55,ipw,46.734375,40.74670504514025,52.72204495485975
visit,DR-learner (LightGBM) on the target,0.55,ipw,43.5,37.930778503886984,49.06922149611301
visit,Random (Mens e-mail),0.55,ipw,42.075,38.12377456096889,46.026225439031116
visit,Uplift model (cross-selected),0.6,ipw,46.546875,40.557707863237226,52.53604213676278
visit,Response model,0.6,ipw,51.515625,45.33602717193585,57.69522282806415
visit,DR-learner (LightGBM) on the target,0.6,ipw,47.4375,41.666232807064496,53.208767192935504
visit,Random (Mens e-mail),0.6,ipw,45.9,41.589572248329695,50.210427751670295
visit,Uplift model (cross-selected),0.65,ipw,51.140625,44.9731453750362,57.30810462496381
visit,Response model,0.65,ipw,54.796875,48.431889254904554,61.161860745095446
visit,DR-learner (LightGBM) on the target,0.65,ipw,52.78125,46.81708304954499,58.74541695045502
visit,Random (Mens e-mail),0.65,ipw,49.725,45.0553699356905,54.394630064309496
visit,Uplift model (cross-selected),0.7,ipw,55.21875,48.87856493306216,61.558935066937835
visit,Response model,0.7,ipw,58.875,52.32975653203197,65.42024346796804
visit,DR-learner (LightGBM) on the target,0.7,ipw,55.5,49.36566523374392,61.63433476625609
visit,Random (Mens e-mail),0.7,ipw,53.54999999999999,48.52116762305131,58.578832376948675
visit,Uplift model (cross-selected),0.75,ipw,58.78125,52.266979976234396,65.2955200237656
visit,Response model,0.75,ipw,62.109375,55.40976834155924,68.80898165844077
visit,DR-learner (LightGBM) on the target,0.75,ipw,59.296875,52.98492423948897,65.60882576051102
visit,Random (Mens e-mail),0.75,ipw,57.37499999999999,51.98696531041212,62.76303468958787
visit,Uplift model (cross-selected),0.8,ipw,62.109375,55.4388089923954,68.77994100760459
visit,Response model,0.8,ipw,64.640625,57.80153874243872,71.47971125756126
visit,DR-learner (LightGBM) on the target,0.8,ipw,62.25,55.76754399673267,68.73245600326733
visit,Random (Mens e-mail),0.8,ipw,61.2,55.452762997772936,66.94723700222707
visit,Uplift model (cross-selected),0.85,ipw,65.90625,59.100677346885156,72.71182265311484
visit,Response model,0.85,ipw,67.734375,60.780794764049176,74.68795523595082
visit,DR-learner (LightGBM) on the target,0.85,ipw,64.78125,58.12931809601275,71.43318190398725
visit,Random (Mens e-mail),0.85,ipw,65.025,58.918560685133734,71.13143931486626
visit,Uplift model (cross-selected),0.9,ipw,69.28125,62.343776729954,76.218723270046
visit,Response model,0.9,ipw,70.59375,63.546010651559484,77.6414893484405
visit,DR-learner (LightGBM) on the target,0.9,ipw,68.390625,61.569796956565355,75.21145304343463
visit,Random (Mens e-mail),0.9,ipw,68.85,62.38435837249454,75.31564162750546
visit,Uplift model (cross-selected),0.95,ipw,72.28125,65.22615752503819,79.33634247496182
visit,Response model,0.95,ipw,73.265625,66.13675168573083,80.39449831426917
visit,DR-learner (LightGBM) on the target,0.95,ipw,71.8125,64.82806263769355,78.79693736230647
visit,Random (Mens e-mail),0.95,ipw,72.67499999999998,65.85015605985534,79.49984394014464
visit,Uplift model (cross-selected),1.0,ipw,76.640625,69.45490649459283,83.82634350540717
visit,Response model,1.0,ipw,76.5,69.31595374721617,83.68404625278383
visit,DR-learner (LightGBM) on the target,1.0,ipw,76.078125,68.8990988343015,83.2571511656985
visit,Random (Mens e-mail),1.0,ipw,76.5,69.31595374721617,83.68404625278383
spend,Uplift model (cross-selected),0.0,dr,0.0,0.0,0.0
spend,Response model,0.0,dr,0.0,0.0,0.0
spend,DR-learner (LightGBM) on the target,0.0,dr,0.0,0.0,0.0
spend,Random (Mens e-mail),0.0,dr,0.0,0.0,0.0
spend,Uplift model (cross-selected),0.05,dr,50.29585920665244,-17.08938888574892,117.68110729905379
spend,Response model,0.05,dr,62.06543012428195,-7.43479520723378,131.56565545579767
spend,DR-learner (LightGBM) on the target,0.05,dr,65.72769590682732,-29.530733996604692,160.98612581025935
spend,Random (Mens e-mail),0.05,dr,38.175822688014804,23.926733795408037,52.42491158062157
spend,Uplift model (cross-selected),0.1,dr,137.8212401748836,50.23635675773629,225.4061235920309
spend,Response model,0.1,dr,153.62584922238182,53.25507083061606,253.99662761414754
spend,DR-learner (LightGBM) on the target,0.1,dr,94.3933550605622,-20.011773493955122,208.79848361507953
spend,Random (Mens e-mail),0.1,dr,76.35164537602961,47.853467590816074,104.84982316124314
spend,Uplift model (cross-selected),0.15,dr,161.24735030492212,58.608651353994986,263.88604925584923
spend,Response model,0.15,dr,201.2262446256438,68.06196823609706,334.3905210151906
spend,DR-learner (LightGBM) on the target,0.15,dr,98.21956287229649,-29.71358976431107,226.15271550890407
spend,Random (Mens e-mail),0.15,dr,114.52746806404438,71.78020138622409,157.27473474186468
spend,Uplift model (cross-selected),0.2,dr,162.5855128823071,29.622389160237656,295.54863660437655
spend,Response model,0.2,dr,200.41853943612927,49.530180387536205,351.30689848472235
spend,DR-learner (LightGBM) on the target,0.2,dr,129.278696643679,-11.036662648040485,269.59405593539856
spend,Random (Mens e-mail),0.2,dr,152.70329075205922,95.70693518163215,209.69964632248627
spend,Uplift model (cross-selected),0.25,dr,149.2284813909502,7.573252858993628,290.8837099229068
spend,Response model,0.25,dr,240.33537982561103,77.33007627970085,403.3406833715212
spend,DR-learner (LightGBM) on the target,0.25,dr,177.94540838080542,28.956374118250167,326.9344426433607
spend,Random (Mens e-mail),0.25,dr,190.879113440074,119.63366897704017,262.12455790310787
spend,Uplift model (cross-selected),0.3,dr,177.0725795053977,22.33558113672457,331.80957787407084
spend,Response model,0.3,dr,267.0614032513738,89.37515486055348,444.7476516421941
spend,DR-learner (LightGBM) on the target,0.3,dr,233.18660994662912,66.63927224695476,399.7339476463035
spend,Random (Mens e-mail),0.3,dr,229.05493612808877,143.56040277244819,314.54946948372935
spend,Uplift model (cross-selected),0.35,dr,231.8059079831114,72.53445912465482,391.07735684156796
spend,Response model,0.35,dr,267.8786736093904,65.69357842741452,470.0637687913662
spend,DR-learner (LightGBM) on the target,0.35,dr,211.07974476784017,35.24998389578021,386.90950563990015
spend,Random (Mens e-mail),0.35,dr,267.23075881610356,167.48713656785625,366.97438106435095
spend,Uplift model (cross-selected),0.4,dr,284.0127996955088,100.14402742673043,467.88157196428716
spend,Response model,0.4,dr,269.2394680892879,62.2922282286229,476.186707949953
spend,DR-learner (LightGBM) on the target,0.4,dr,243.7481629616513,60.782295691106604,426.714030232196
spend,Random (Mens e-mail),0.4,dr,305.40658150411844,191.4138703632643,419.39929264497255
spend,Uplift model (cross-selected),0.45,dr,330.4646447511519,132.74473488439835,528.1845546179056
spend,Response model,0.45,dr,292.9740354829994,80.36605149560275,505.58201947039606
spend,DR-learner (LightGBM) on the target,0.45,dr,254.1455246876701,60.66166745866977,447.62938191667047
spend,Random (Mens e-mail),0.45,dr,343.5824041921332,215.3406041586723,471.82420422559414
spend,Uplift model (cross-selected),0.5,dr,378.088714641071,169.37717945831437,586.8002498238276
spend,Response model,0.5,dr,361.2058342524963,140.54221154390586,581.8694569610867
spend,DR-learner (LightGBM) on the target,0.5,dr,340.19318950996023,131.5607638819617,548.8256151379588
spend,Random (Mens e-mail),0.5,dr,381.758226880148,239.26733795408035,524.2491158062157
spend,Uplift model (cross-selected),0.55,dr,411.3916593868545,191.39584624386205,631.3874725298468
spend,Response model,0.55,dr,375.98412991932776,149.46254035861259,602.5057194800429
spend,DR-learner (LightGBM) on the target,0.55,dr,356.139533438206,142.83793570035903,569.441131176053
spend,Random (Mens e-mail),0.55,dr,419.93404956816283,263.1940717494884,576.6740273868372
spend,Uplift model (cross-selected),0.6,dr,425.9908537227104,196.21203514894268,655.7696722964782
spend,Response model,0.6,dr,466.8571316236834,229.7485782541679,703.9656849931989
spend,DR-learner (LightGBM) on the target,0.6,dr,420.07586188739856,200.78018573184468,639.3715380429525
spend,Random (Mens e-mail),0.6,dr,458.10987225617754,287.12080554489637,629.0989389674587
spend,Uplift model (cross-selected),0.65,dr,456.32236667499143,216.20388836552698,696.4408449844559
spend,Response model,0.65,dr,469.8309974556033,226.04279991130394,713.6191949999027
spend,DR-learner (LightGBM) on the target,0.65,dr,419.2800904860802,193.2595636341326,645.3006173380278
spend,Random (Mens e-mail),0.65,dr,496.2856949441924,311.04753934030447,681.5238505480803
spend,Uplift model (cross-selected),0.7,dr,480.2692422642254,237.37051582367735,723.1679687047734
spend,Response model,0.7,dr,568.5849729145492,309.4396024223978,827.7303434067007
spend,DR-learner (LightGBM) on the target,0.7,dr,415.3215126878812,184.67247552769956,645.9705498480628
spend,Random (Mens e-mail),0.7,dr,534.4615176322071,334.9742731357125,733.9487621287019
spend,Uplift model (cross-selected),0.75,dr,529.7439887356721,279.53017629451307,779.9578011768311
spend,Response model,0.75,dr,651.48176084576,383.65478402303563,919.3087376684845
spend,DR-learner (LightGBM) on the target,0.75,dr,440.3547424582247,203.70381748001765,677.0056674364317
spend,Random (Mens e-mail),0.75,dr,572.6373403202219,358.9010069311205,786.3736737093234
spend,Uplift model (cross-selected),0.8,dr,556.9236161660439,300.82508179493715,813.0221505371507
spend,Response model,0.8,dr,654.8526972555588,383.02892912835904,926.6764653827586
spend,DR-learner (LightGBM) on the target,0.8,dr,532.0875016924506,282.1218811444385,782.0531222404626
spend,Random (Mens e-mail),0.8,dr,610.8131630082369,382.8277407265286,838.7985852899451
spend,Uplift model (cross-selected),0.85,dr,591.6429680972224,332.8947175391701,850.3912186552747
spend,Response model,0.85,dr,696.2690420924703,418.66596765269765,973.872116532243
spend,DR-learner (LightGBM) on the target,0.85,dr,557.3453506531414,302.4272772745573,812.2634240317254
spend,Random (Mens e-mail),0.85,dr,648.9889856962516,406.7544745219366,891.2234968705665
spend,Uplift model (cross-selected),0.9,dr,650.7024123462097,384.9089399309252,916.4958847614943
spend,Response model,0.9,dr,706.5283289084625,427.7713630138088,985.2852948031162
spend,DR-learner (LightGBM) on the target,0.9,dr,572.0510953346331,312.2471515865512,831.855039082715
spend,Random (Mens e-mail),0.9,dr,687.1648083842664,430.6812083173446,943.6484084511883
spend,Uplift model (cross-selected),0.95,dr,682.9804852793507,414.5049500794085,951.4560204792928
spend,Response model,0.95,dr,714.1667562173618,434.15743349867046,994.1760789360532
spend,DR-learner (LightGBM) on the target,0.95,dr,610.0263365536387,345.92515981428045,874.1275132929969
spend,Random (Mens e-mail),0.95,dr,725.3406310722812,454.60794211275277,996.0733200318097
spend,Uplift model (cross-selected),1.0,dr,694.9534586643583,423.5669072660283,966.3400100626883
spend,Response model,1.0,dr,763.516453760296,478.5346759081607,1048.4982316124315
spend,DR-learner (LightGBM) on the target,1.0,dr,639.5020452128368,367.46217498007417,911.5419154455994
spend,Random (Mens e-mail),1.0,dr,763.516453760296,478.5346759081607,1048.4982316124315
spend,Uplift model (cross-selected),0.0,ipw,0.0,0.0,0.0
spend,Response model,0.0,ipw,0.0,0.0,0.0
spend,DR-learner (LightGBM) on the target,0.0,ipw,0.0,0.0,0.0
spend,Random (Mens e-mail),0.0,ipw,0.0,0.0,0.0
spend,Uplift model (cross-selected),0.05,ipw,56.52703125000001,-10.644445147069005,123.69850764706902
spend,Response model,0.05,ipw,77.14359375000001,7.924071974339919,146.36311552566008
spend,DR-learner (LightGBM) on the target,0.05,ipw,64.4503125,-30.60753247036037,159.50815747036035
spend,Random (Mens e-mail),0.05,ipw,38.445375000000006,24.19388673323645,52.69686326676356
spend,Uplift model (cross-selected),0.1,ipw,142.23656250000002,55.102706630737785,229.37041836926224
spend,Response model,0.1,ipw,150.81750000000002,50.60980856829308,251.025191431707
spend,DR-learner (LightGBM) on the target,0.1,ipw,94.02375,-20.010537429852036,208.05803742985205
spend,Random (Mens e-mail),0.1,ipw,76.89075000000001,48.3877734664729,105.39372653352711
spend,Uplift model (cross-selected),0.15,ipw,165.34453125000002,63.00730676439577,267.68175573560427
spend,Response model,0.15,ipw,201.2775,68.15517013119445,334.39982986880557
spend,DR-learner (LightGBM) on the target,0.15,ipw,96.18046875,-31.315201338012244,223.67613883801224
spend,Random (Mens e-mail),0.15,ipw,115.33612500000001,72.58166019970935,158.09058980029067
spend,Uplift model (cross-selected),0.2,ipw,164.28890625000003,31.37868728116855,297.1991252188315
spend,Response model,0.2,ipw,212.4496875,61.77050199846904,363.12887300153096
spend,DR-learner (LightGBM) on the target,0.2,ipw,127.81312500000003,-12.02997169314185,267.6562216931419
spend,Random (Mens e-mail),0.2,ipw,153.78150000000002,96.7755469329458,210.78745306705423
spend,Uplift model (cross-selected),0.25,ipw,156.7865625,15.266449912368863,298.30667508763116
spend,Response model,0.25,ipw,249.47203125,86.7117026694457,412.2323598305543
spend,DR-learner (LightGBM) on the target,0.25,ipw,177.87234375000003,29.25637845493706,326.488309045063
spend,Random (Mens e-mail),0.25,ipw,192.226875,120.96943366618225,263.4843163338178
spend,Uplift model (cross-selected),0.3,ipw,180.69140625,26.103024031345427,335.2797884686546
spend,Response model,0.3,ipw,278.06624999999997,100.56269432252336,455.56980567747655
spend,DR-learner (LightGBM) on the target,0.3,ipw,231.19218750000002,64.9154592524993,397.4689157475007
spend,Random (Mens e-mail),0.3,ipw,230.67225000000002,145.1633203994187,316.18117960058134
spend,Uplift model (cross-selected),0.35,ipw,238.61765625,79.51275520309744,397.72255729690255
spend,Response model,0.35,ipw,276.57281250000005,74.40340480579638,478.7422201942037
spend,DR-learner (LightGBM) on the target,0.35,ipw,201.58640625,26.07004547314254,377.1027670268575
spend,Random (Mens e-mail),0.35,ipw,269.11762500000003,169.35720713265516,368.8780428673449
spend,Uplift model (cross-selected),0.4,ipw,283.4240625,99.57519782443184,467.2729271755682
spend,Response model,0.4,ipw,280.14281250000005,73.23824347141952,487.0473815285806
spend,DR-learner (LightGBM) on the target,0.4,ipw,233.08593750000003,50.41090294527697,415.7609720547231
spend,Random (Mens e-mail),0.4,ipw,307.56300000000005,193.5510938658916,421.57490613410846
spend,Uplift model (cross-selected),0.45,ipw,332.8546875,135.11323157567924,530.5961434243209
spend,Response model,0.45,ipw,303.73921875,91.21314090563878,516.2652965943613
spend,DR-learner (LightGBM) on the target,0.45,ipw,241.603125,48.34024910335202,434.86600089664796
spend,Random (Mens e-mail),0.45,ipw,346.00837500000006,217.74498059912807,474.271769400872
spend,Uplift model (cross-selected),0.5,ipw,379.50140625000006,170.67432513669627,588.3284873633039
spend,Response model,0.5,ipw,370.51171875,149.8645836715201,591.1588538284799
spend,DR-learner (LightGBM) on the target,0.5,ipw,328.27828125,119.8485312789385,536.7080312210616
spend,Random (Mens e-mail),0.5,ipw,384.45375,241.9388673323645,526.9686326676356
spend,Uplift model (cross-selected),0.55,ipw,411.20765625000007,191.07748056971477,631.3378319302853
spend,Response model,0.55,ipw,385.6457812500001,159.12931668461422,612.162245815386
spend,DR-learner (LightGBM) on the target,0.55,ipw,349.93078125,136.8343217757816,563.0272407242184
spend,Random (Mens e-mail),0.55,ipw,422.8991250000001,266.132754065601,579.6654959343992
spend,Uplift model (cross-selected),0.6,ipw,422.99859375000005,193.1017224409716,652.8954650590285
spend,Response model,0.6,ipw,475.68187500000005,238.55406856984564,712.8096814301545
spend,DR-learner (LightGBM) on the target,0.6,ipw,410.64468750000003,191.53414932968388,629.7552256703162
spend,Random (Mens e-mail),0.6,ipw,461.34450000000004,290.3266407988374,632.3623592011627
spend,Uplift model (cross-selected),0.65,ipw,452.17828125000005,211.91137095690377,692.4451915430963
spend,Response model,0.65,ipw,479.5134375,235.7177933829727,723.3090816170273
spend,DR-learner (LightGBM) on the target,0.65,ipw,412.06218750000005,186.21277571978348,637.9115992802167
spend,Random (Mens e-mail),0.65,ipw,499.78987500000005,314.5205275320738,685.0592224679262
spend,Uplift model (cross-selected),0.7,ipw,474.60656250000005,231.57203581697868,717.6410891830213
spend,Response model,0.7,ipw,580.824375,321.6581456132405,839.9906043867596
spend,DR-learner (LightGBM) on the target,0.7,ipw,408.60328125000007,178.10160975922255,639.1049527407775
spend,Random (Mens e-mail),0.7,ipw,538.2352500000001,338.7144142653103,737.7560857346898
spend,Uplift model (cross-selected),0.75,ipw,521.4698437500001,271.11962732117087,771.8200601788294
spend,Response model,0.75,ipw,662.671875,394.8149118070347,930.5288381929653
spend,DR-learner (LightGBM) on the target,0.75,ipw,436.7114062500001,200.1754161103654,673.2473963896348
spend,Random (Mens e-mail),0.75,ipw,576.6806250000001,362.90830099854674,790.4529490014534
spend,Uplift model (cross-selected),0.8,ipw,547.0589062500001,290.8525643159089,803.2652481840912
spend,Response model,0.8,ipw,661.483125,389.6308129714096,933.3354370285903
spend,DR-learner (LightGBM) on the target,0.8,ipw,529.32375,279.4449456734587,779.2025543265413
spend,Random (Mens e-mail),0.8,ipw,615.1260000000001,387.1021877317832,843.1498122682169
spend,Uplift model (cross-selected),0.85,ipw,583.04296875,324.1501252033572,841.9358122966427
spend,Response model,0.85,ipw,704.9053125,427.2633852413583,982.5472397586417
spend,DR-learner (LightGBM) on the target,0.85,ipw,554.5040625,299.6692451937021,809.3388798062979
spend,Random (Mens e-mail),0.85,ipw,653.5713750000001,411.29607446501973,895.8466755349805
spend,Uplift model (cross-selected),0.9,ipw,644.17828125,378.25802140066423,910.098541099336
spend,Response model,0.9,ipw,713.8153125000001,435.02009668398546,992.6105283160147
spend,DR-learner (LightGBM) on the target,0.9,ipw,569.40140625,309.6613744446405,829.1414380553596
spend,Random (Mens e-mail),0.9,ipw,692.0167500000001,435.48996119825614,948.543538801744
spend,Uplift model (cross-selected),0.95,ipw,682.6659374999999,414.0819751648857,951.2498998351142
spend,Response model,0.95,ipw,721.1503125,441.10705479988746,1001.1935702001127
spend,DR-learner (LightGBM) on the target,0.95,ipw,611.9203125,347.88446582742114,875.9561591725789
spend,Random (Mens e-mail),0.95,ipw,730.4621250000001,459.6838479314926,1001.2404020685075
spend,Uplift model (cross-selected),1.0,ipw,702.8179687500001,431.4376247634685,974.1983127365318
spend,Response model,1.0,ipw,768.9075,483.877734664729,1053.9372653352711
spend,DR-learner (LightGBM) on the target,1.0,ipw,642.38625,370.4363137049261,914.3361862950741
spend,Random (Mens e-mail),1.0,ipw,768.9075,483.877734664729,1053.9372653352711
