outcome,arm,model,base,qini,qini_low,qini_high,auuc,auuc_low,auuc_high
visit,Mens e-mail,DR-learner,lgbm,5.999820628669669e-05,-0.0007678450084366757,0.0011328947817818256,0.00012246734813534238,-0.0015805737730964428,0.002237063751517295
visit,Mens e-mail,DR-learner,linear,0.0003146739380184393,-0.0006281579686655616,0.001279164759530156,0.0006041745180969789,-0.0012306386999200068,0.002603998206572202
visit,Mens e-mail,S-learner,lgbm,0.0006618813781032021,-0.0001955926955231669,0.001606393368007335,0.0012713515822842776,-0.0004181619828768179,0.0032058965017384457
visit,Mens e-mail,S-learner,linear,0.0017363791594095601,0.000875933106409224,0.0027792424911500897,0.003368366318659054,0.0016603261347864842,0.005427545722471788
visit,Mens e-mail,T-learner,lgbm,0.00045773267142466654,-0.0004669223547003333,0.0013895450607814002,0.000939810399925202,-0.0008640757678139076,0.002814655199999629
visit,Mens e-mail,T-learner,linear,0.0005369092828151694,-0.0003427134983808034,0.0016287127006271531,0.0010793110823745485,-0.00065933819240212,0.0032164410767421565
visit,Mens e-mail,Transformed outcome,lgbm,0.00022433019353505662,-0.0006884289943198238,0.0012455204786060742,0.00036580673304399734,-0.0014225064471657062,0.002349191802522485
visit,Mens e-mail,Transformed outcome,linear,0.0006266602579252179,-0.000294920153768116,0.0016407529328862007,0.0012618617918391088,-0.000604394058897713,0.0032992084012947397
visit,Mens e-mail,X-learner,lgbm,0.0004199193850494721,-0.0005350796456606455,0.00143798852952876,0.0008357459758244544,-0.0010999131092387633,0.002816714551447493
visit,Mens e-mail,X-learner,linear,0.00035056987847301613,-0.000577129317583425,0.0013267288359348783,0.0006789915920616608,-0.0011364715271189245,0.002695254404281664
visit,Mens e-mail,Response model,lgbm,0.001670781384754232,0.0007976724910314696,0.0026351127909995213,0.003250338566158568,0.0014104657840764145,0.005148911549250512
visit,Womens e-mail,DR-learner,lgbm,0.0027264823107864215,0.0017215904691622508,0.0036060579184690423,0.0053798979426607635,0.003450476579639681,0.007117570137058878
visit,Womens e-mail,DR-learner,linear,0.003543677791116169,0.002709377233698621,0.004374206153041758,0.007004261764039158,0.005408542386586947,0.008689829086493173
visit,Womens e-mail,S-learner,lgbm,0.0036156539616044713,0.002643135491325614,0.00457061954332822,0.007190112343663541,0.005273196529176649,0.009115395136944645
visit,Womens e-mail,S-learner,linear,0.0009457193709247437,7.705226943148826e-05,0.0018465472336827425,0.0019075661924324585,0.00014669188791124007,0.003687907859441646
visit,Womens e-mail,T-learner,lgbm,0.0028941812305927628,0.0019401960854818078,0.003806587680954886,0.005697642409220275,0.0037657345095486647,0.007566667419423052
visit,Womens e-mail,T-learner,linear,0.003716086553956319,0.0028167474679781025,0.004643776641014352,0.007395200870572943,0.005634132502763395,0.009259021233960997
visit,Womens e-mail,Transformed outcome,lgbm,0.002614703228440362,0.001644865652234158,0.0035639136370665863,0.005118354954637217,0.0031871280296657725,0.0069928253860468146
visit,Womens e-mail,Transformed outcome,linear,0.0035613813673536585,0.002715496479754739,0.004419304856298816,0.0070803833637479215,0.005377122645089536,0.008850364129221777
visit,Womens e-mail,X-learner,lgbm,0.0029218621947027495,0.0019422029072877493,0.0037950425127013057,0.005780093583188699,0.0038526721873465195,0.007545137028782017
visit,Womens e-mail,X-learner,linear,0.003536709348922828,0.002695815991850403,0.004373228179258883,0.00699035317199822,0.0053838606261929585,0.008672334315930409
visit,Womens e-mail,Response model,lgbm,0.0019838358829141795,0.0011142862699024092,0.0029304464222914273,0.003947844522495731,0.002213045801689203,0.005858436698704882
conversion,Mens e-mail,DR-learner,lgbm,2.136806673973683e-05,-0.0002767460121336071,0.0002992683264604582,4.942409129352626e-05,-0.0005505822259595795,0.0005908508672476645
conversion,Mens e-mail,DR-learner,linear,-0.000105800666320521,-0.0003950491940652396,0.00012879516430225907,-0.00021119909654042696,-0.0007864745746825976,0.0002486862524381293
conversion,Mens e-mail,S-learner,lgbm,-0.0001644240057400395,-0.000447942355601906,0.00011720369015963624,-0.0003343741948168017,-0.0009007339327280013,0.00022185944664422356
conversion,Mens e-mail,S-learner,linear,0.0001873513238116012,-0.0001356808610109553,0.00048008979184932174,0.0003661501576150493,-0.0002785353605742709,0.0009426251829982086
conversion,Mens e-mail,T-learner,lgbm,7.364172179219524e-05,-0.0002180344236222084,0.0003389873200866339,0.00014368032386646848,-0.00044350349090897014,0.0006839857357215191
conversion,Mens e-mail,T-learner,linear,-0.00018320720537260785,-0.0004919629466436869,7.450966593058665e-05,-0.00036498951827903674,-0.0009844399149316811,0.00015104927522654102
conversion,Mens e-mail,Transformed outcome,lgbm,3.545434462376004e-05,-0.0002624664741889966,0.00031717384540246073,7.760896179494777e-05,-0.0005243332367587175,0.0006335383718040752
conversion,Mens e-mail,Transformed outcome,linear,-8.798887946143837e-05,-0.00037441643420500607,0.00013706510123572677,-0.00017443990826498493,-0.0007461483721469576,0.0002774209749839103
conversion,Mens e-mail,X-learner,lgbm,3.729968660434332e-05,-0.00026472217092247323,0.0003291157328209166,8.073920728764887e-05,-0.0005219765686401762,0.0006602557726687679
conversion,Mens e-mail,X-learner,linear,-7.448068617698526e-05,-0.000356564709894499,0.00016059357015328518,-0.00014902957764577617,-0.0007120370284510438,0.00031598011800990593
conversion,Mens e-mail,Response model,lgbm,4.161331514439337e-05,-0.00024325824464035202,0.0003163413319438952,7.21548913387979e-05,-0.0004946003496928775,0.0006172121301460412
conversion,Womens e-mail,DR-learner,lgbm,0.00015322192645153866,-0.0001282403893203567,0.0004108438879661395,0.0003047092202268175,-0.0002552272006467053,0.0008175069341598559
conversion,Womens e-mail,DR-learner,linear,0.0002996837058976147,5.810463740359391e-05,0.0005651702453660298,0.0006007555380333895,0.0001188881149826211,0.0011318718527228828
conversion,Womens e-mail,S-learner,lgbm,0.00040151037154289676,0.0001311112754231611,0.0006848522228631641,0.0007948392881725395,0.00025550838776844414,0.001351417305416247
conversion,Womens e-mail,S-learner,linear,4.5636127850383256e-05,-0.00020197158630704163,0.00028678713818302274,9.043226915561242e-05,-0.00040463990971761183,0.0005722884397470711
conversion,Womens e-mail,T-learner,lgbm,0.00026096942203564623,-1.1836088212473536e-06,0.0005121068887345022,0.0005185954916945077,-7.613250051659645e-06,0.0010267665659051547
conversion,Womens e-mail,T-learner,linear,0.00033237128153658764,9.309736582116147e-05,0.0006022523631428558,0.0006669456225400982,0.00018981022212888674,0.0012127698033759639
conversion,Womens e-mail,Transformed outcome,lgbm,0.0001567299228795211,-0.00012912380774363134,0.00040604859617868904,0.0003108490277565731,-0.00025948717916920305,0.0008118938717953671
conversion,Womens e-mail,Transformed outcome,linear,0.0002987420218408521,5.454037970348939e-05,0.0005709567499206824,0.0005997929747197234,0.00011408917464890992,0.0011461960463150663
conversion,Womens e-mail,X-learner,lgbm,0.00021139656179388263,-6.174720994987632e-05,0.00047320410912856764,0.0004219169294073893,-0.00012116292679031412,0.0009513869994040807
conversion,Womens e-mail,X-learner,linear,0.00030484851102256853,6.681149951253093e-05,0.0005761615449674407,0.0006102710677985796,0.0001358552411640444,0.0011440197468497591
conversion,Womens e-mail,Response model,lgbm,0.000268022149424915,2.0541113941349894e-05,0.0005374072431796881,0.0005289802268980879,4.174219137036213e-05,0.0010678911712015625
spend,Mens e-mail,DR-learner,lgbm,-0.01138245735893381,-0.05582005090020179,0.030374298241435827,-0.020448170047016094,-0.11137951830821258,0.06427450972213038
spend,Mens e-mail,DR-learner,linear,-0.00808637194218642,-0.0552983324052419,0.04000164273576052,-0.017373926047603457,-0.11135415113260329,0.07600019351022679
spend,Mens e-mail,S-learner,lgbm,-0.023200567734608653,-0.06664190339377503,0.015081121307524252,-0.04549406148294029,-0.13311234773170788,0.030955070013051367
spend,Mens e-mail,S-learner,linear,-0.04238636678601799,-0.08200509209309946,0.001699127669723632,-0.08475919915381798,-0.16383448496683448,0.004467554201355993
spend,Mens e-mail,T-learner,lgbm,-0.014555365851653354,-0.05525716846965383,0.024785535121576552,-0.027026099135741215,-0.10941402014263049,0.05266875112037679
spend,Mens e-mail,T-learner,linear,-0.008313582301901788,-0.05563360069368067,0.04003615387921884,-0.01783147298739423,-0.1120383294206546,0.07605284422245089
spend,Mens e-mail,Transformed outcome,lgbm,-0.015810213397775455,-0.062223415731217424,0.024935725993141342,-0.02985802415098842,-0.12186350821814185,0.05302014939801376
spend,Mens e-mail,Transformed outcome,linear,-0.0027155975263660538,-0.04972054748251801,0.04490239808077286,-0.006581626162989262,-0.0998105542974002,0.0874017212912539
spend,Mens e-mail,X-learner,lgbm,-0.015012540861982405,-0.05539276253083028,0.021132399963776353,-0.0282434819563136,-0.11011803528452932,0.045417053568782305
spend,Mens e-mail,X-learner,linear,-0.008252796891577627,-0.05558099276131549,0.040095403152760924,-0.01770937248129412,-0.11193634695776469,0.07618538240370584
spend,Mens e-mail,Response model,lgbm,-0.010451248430112305,-0.04782767488971886,0.027600726018919552,-0.02004532343835673,-0.09445495867256912,0.05761907334119191
spend,Womens e-mail,DR-learner,lgbm,0.004991790888846309,-0.03291867329461592,0.04903886933395375,0.009310497778672079,-0.06567195978163202,0.0975723785657097
spend,Womens e-mail,DR-learner,linear,0.029668054661675103,-0.009695900643260915,0.0660924906517816,0.05943722798920496,-0.018851323969715308,0.1314667531782315
spend,Womens e-mail,S-learner,lgbm,0.024323873867221537,-0.01411530882351846,0.06876373837619522,0.04818285327216795,-0.028648463186371202,0.13631936926630772
spend,Womens e-mail,S-learner,linear,-0.017049370751060344,-0.05508862329970602,0.018149690854603422,-0.03418493537994158,-0.11032468144408215,0.036031109892006884
spend,Womens e-mail,T-learner,lgbm,-0.016311960482499076,-0.06153295142074992,0.028818457263705192,-0.03249711616030528,-0.12219358502099029,0.05895543490952941
spend,Womens e-mail,T-learner,linear,0.02951075411967166,-0.00974113182415789,0.06611312543537536,0.059145319200303755,-0.018857146679716764,0.13105160069620359
spend,Womens e-mail,Transformed outcome,lgbm,-0.005114966030121636,-0.04482618116030744,0.039638666486660784,-0.010848062103976345,-0.08971734289025456,0.07951749515062244
spend,Womens e-mail,Transformed outcome,linear,0.030643942140430914,-0.010684508138880016,0.067318644904671,0.061500667956065555,-0.021186574435681716,0.1350791239088954
spend,Womens e-mail,X-learner,lgbm,-0.013126352553340336,-0.05609238511110452,0.029089086580642767,-0.026381246317336793,-0.11226068503496174,0.05858768624137369
spend,Womens e-mail,X-learner,linear,0.029530682248678865,-0.009706953610545122,0.0661175182356275,0.0591858590887434,-0.018788187760150066,0.13100906522656597
spend,Womens e-mail,Response model,lgbm,0.0008178281676096518,-0.03653866634735369,0.042781727058986266,0.0015189093101835684,-0.0730992336890285,0.08493039605936108
