arm,outcome,dimension,level,n,estimate,se,low,high,p_value,q_bh
Mens e-mail,visit,purchase_history,Both lines,4330,0.13444402981969797,0.012955953725029631,0.10905082713327234,0.1598372325061236,3.15509993460073e-25,2.8395899411406567e-24
Mens e-mail,visit,purchase_history,Mens only,19196,0.06915516417042274,0.004900631921619439,0.05955010210256132,0.07876022623828416,3.227378062940693e-45,3.872853675528832e-44
Mens e-mail,visit,purchase_history,Womens only,19087,0.0705795766326878,0.0048579500129837675,0.06105816956854372,0.08010098369683187,7.97481437530556e-48,1.2303999321900008e-46
Mens e-mail,visit,newbie,New,21381,0.0753050156199182,0.004357875510105461,0.06676373657100239,0.08384629466883402,6.630309413734915e-67,7.1607341668337085e-65
Mens e-mail,visit,newbie,Returning,21232,0.07783285081536925,0.005159949790166398,0.06771953506460811,0.0879461665661304,2.0627586207455485e-51,4.455558620810384e-50
Mens e-mail,visit,channel,Multichannel,5183,0.08293672314062261,0.01037976901681114,0.06259274969982806,0.10328069658141717,1.3468919987056119e-15,6.9268731362002904e-15
Mens e-mail,visit,channel,Phone,18567,0.07560427135853316,0.004825142081265469,0.0661471666589642,0.08506137605810213,2.471340180662947e-55,1.3345236975579914e-53
Mens e-mail,visit,channel,Web,18863,0.07556315210258555,0.005261138656841415,0.06525150981750494,0.08587479438766615,8.894755529762354e-47,1.2007919965179177e-45
Mens e-mail,visit,zip_code,Rural,6382,0.07339826795812915,0.009774214530642655,0.05424115950090148,0.09255537641535683,5.940912168143308e-14,2.7896457137368575e-13
Mens e-mail,visit,zip_code,Suburban,19126,0.07433718665294288,0.00493494405264597,0.06466487404403665,0.08400949926184911,2.817781725871951e-51,5.072007106569512e-50
Mens e-mail,visit,zip_code,Urban,17105,0.07964111521494538,0.005216379366921565,0.06941719952608126,0.0898650309038095,1.2589233908697986e-52,4.532124207131275e-51
Mens e-mail,visit,history_tier,$0-100,15336,0.06855191712613816,0.00519822637235804,0.05836358065283011,0.07874025359944621,1.0348196800893583e-39,1.1176052544965068e-38
Mens e-mail,visit,history_tier,"$1,000+",880,0.09706564986737401,0.0274217820103679,0.04331994473514457,0.15081135499960346,0.0004005396039255902,0.0009203888771056115
Mens e-mail,visit,history_tier,$100-200,9527,0.0691095120991766,0.006765798669336745,0.05584879038062755,0.08237023381772564,1.7068915128880784e-24,1.2289618892794165e-23
Mens e-mail,visit,history_tier,$200-350,8134,0.08439790664548161,0.008245265635003466,0.06823748295790903,0.10055833033305418,1.3688320750124902e-24,1.0559561721524925e-23
Mens e-mail,visit,history_tier,$350-500,4221,0.08920128027933366,0.012123938739874668,0.06543879699840939,0.11296376356025793,1.8745575179392936e-13,8.435508830726822e-13
Mens e-mail,visit,history_tier,$500-750,3249,0.09895180279003762,0.01274747239346253,0.07396721600493247,0.12393638957514277,8.329464639569889e-15,4.089009913970673e-14
Mens e-mail,visit,history_tier,"$750-1,000",1266,0.06149767330390843,0.021757745707075865,0.018853275333258764,0.1041420712745581,0.004706376198693623,0.008332600482932972
Mens e-mail,conversion,purchase_history,Both lines,4330,0.014994125201169455,0.0038946945978651573,0.007360664058571038,0.022627586343767873,0.0001181734338255894,0.00030387454412294417
Mens e-mail,conversion,purchase_history,Mens only,19196,0.006009617628761718,0.00132583499481607,0.0034110287894793716,0.008608206468044066,5.823338186526472e-06,1.7470014559579417e-05
Mens e-mail,conversion,purchase_history,Womens only,19087,0.005721965679624732,0.001289126181968097,0.0031953247914396337,0.00824860656780983,9.05295330362455e-06,2.642483667003923e-05
Mens e-mail,conversion,newbie,New,21381,0.007396000429446033,0.0011743234668281843,0.005094368728262575,0.009697632130629491,3.013263664087872e-10,1.2516633681595774e-09
Mens e-mail,conversion,newbie,Returning,21232,0.006206828142725938,0.001420054791097404,0.0034235718961014763,0.0089900843893504,1.2377111813573439e-05,3.517705462805082e-05
Mens e-mail,conversion,channel,Multichannel,5183,0.010166979815243827,0.003024592420165238,0.004238887603807122,0.01609507202668053,0.0007753776941453883,0.0016103998263019602
Mens e-mail,conversion,channel,Phone,18567,0.005461730292865705,0.0013154680731504928,0.002883460246678438,0.008040000339052972,3.2968427783689995e-05,8.901475501596298e-05
Mens e-mail,conversion,channel,Web,18863,0.007199782528948642,0.0013997790447830922,0.004456266014859902,0.009943299043037382,2.696471497128729e-07,9.680347608892361e-07
Mens e-mail,conversion,zip_code,Rural,6382,0.00528479160201643,0.0025972822751469935,0.00019421188504407157,0.010375371318988788,0.04187713935278638,0.05320860058942269
Mens e-mail,conversion,zip_code,Suburban,19126,0.00743273230295649,0.0013441375007431952,0.004798271211230148,0.010067193394682832,3.2070385575970826e-08,1.2370005865017317e-07
Mens e-mail,conversion,zip_code,Urban,17105,0.006642764784419188,0.0014383359877514874,0.0038236780507584288,0.009461851518079947,3.867700398219419e-06,1.1934618371648493e-05
Mens e-mail,conversion,history_tier,$0-100,15336,0.004988239833912657,0.0013150318480882664,0.0024108247731365073,0.007565654894688807,0.0001486904746815698,0.0003734551457118497
Mens e-mail,conversion,history_tier,"$1,000+",880,0.009283819628647213,0.009178348307007964,-0.008705412490652573,0.027273051747947,0.31178133427363586,0.3401250919348755
Mens e-mail,conversion,history_tier,$100-200,9527,0.004817665561299562,0.00165642671213382,0.001571128862487179,0.008064202260111945,0.0036320331136486883,0.006763096142656178
Mens e-mail,conversion,history_tier,$200-350,8134,0.008479585198513176,0.0023258774584011196,0.0039209491475934236,0.013038221249432928,0.0002666052954340414,0.0006259428675407928
Mens e-mail,conversion,history_tier,$350-500,4221,0.008729177275041827,0.003824460747890629,0.0012333719488890746,0.01622498260119458,0.022462218110661368,0.03070784248039782
Mens e-mail,conversion,history_tier,$500-750,3249,0.008327887792031367,0.003434293611116052,0.0015967960019078985,0.015058979582154835,0.015311753996364407,0.021758808310623105
Mens e-mail,conversion,history_tier,"$750-1,000",1266,0.02002156937149248,0.0067385514976641865,0.0068142511281022305,0.03322888761488273,0.0029664065900248697,0.005620559854783964
Mens e-mail,spend,purchase_history,Both lines,4330,1.824986420861755,0.6810458464991533,0.49016108990282037,3.1598117518206896,0.007369209016571213,0.011878724981935686
Mens e-mail,spend,purchase_history,Mens only,19196,0.682735312299813,0.22223022988537258,0.24717206544842596,1.1182985591512,0.0021248858403591056,0.004172503104705153
Mens e-mail,spend,purchase_history,Womens only,19087,0.6157308065834535,0.1765608796918219,0.2696778413087731,0.9617837718581339,0.0004878198528002972,0.001053690882048642
Mens e-mail,spend,newbie,New,21381,0.9600198419292101,0.18685151827383872,0.5937975956558584,1.3262420882025618,2.77861829514503e-07,9.680347608892361e-07
Mens e-mail,spend,newbie,Returning,21232,0.5779669050857943,0.22264348682288812,0.1415936895205155,1.0143401206510732,0.009433528384640453,0.014765522689002449
Mens e-mail,spend,channel,Multichannel,5183,1.2091294052619086,0.4173863409053573,0.3910672094484511,2.027191601075366,0.003768614758157822,0.006898481252221098
Mens e-mail,spend,channel,Phone,18567,0.5640743919691333,0.2055719893237045,0.16116069666442,0.9669880872738467,0.0060709162434807494,0.010244671160873764
Mens e-mail,spend,channel,Web,18863,0.8504486670398359,0.23125845884025434,0.39719041659269894,1.3037069174869729,0.0002355483013894373,0.0005653159233346496
Mens e-mail,spend,zip_code,Rural,6382,0.7555004171505917,0.3594787986267865,0.05093491863636346,1.46006591566482,0.035583507548398244,0.04630143150875916
Mens e-mail,spend,zip_code,Suburban,19126,0.8038481020589765,0.22943876149340856,0.35415639287442036,1.2535398112435328,0.00045911601605488797,0.0010119291782434265
Mens e-mail,spend,zip_code,Urban,17105,0.7365068185112378,0.21710426242975345,0.31099028325878864,1.1620233537636868,0.0006928051572969448,0.0014671168036876478
Mens e-mail,spend,history_tier,$0-100,15336,0.5382830109889453,0.2170487889847939,0.11287520169071519,0.9636908202871753,0.013137896322443266,0.019174171284039313
Mens e-mail,spend,history_tier,"$1,000+",880,1.3220673076923077,1.9323654346784847,-2.4652993492476085,5.109433964632224,0.4938675465351501,0.5178416992795748
Mens e-mail,spend,history_tier,$100-200,9527,0.7042485117040373,0.2583950085999402,0.19780360106323702,1.2106934223448378,0.006420950880731676,0.010507010532106379
Mens e-mail,spend,history_tier,$200-350,8134,0.5365812916113462,0.3599383757177425,-0.16888496144927545,1.2420475446719679,0.13602483910249033,0.16143607278097752
Mens e-mail,spend,history_tier,$350-500,4221,1.5689400313603774,0.602937957769893,0.38720334921925503,2.7506767135015,0.009263907146810902,0.014713264291993785
Mens e-mail,spend,history_tier,$500-750,3249,1.103010066544262,0.5018938290655005,0.1193162375129787,2.0867038955755453,0.027970775947127182,0.03729436792950291
Mens e-mail,spend,history_tier,"$750-1,000",1266,1.5341463621657245,0.6369024004820303,0.2858405955538392,2.78245212877761,0.01600672827922864,0.022450995508528485
Womens e-mail,visit,purchase_history,Both lines,4267,0.07110340975950782,0.012563290941523012,0.04647981198682441,0.09572700753219124,1.517115582027249e-08,6.068462328108996e-08
Womens e-mail,visit,purchase_history,Mens only,19260,0.011078467244666393,0.004423953710929964,0.0024076773019713425,0.019749257187361445,0.012272845137004723,0.018409267705507087
Womens e-mail,visit,purchase_history,Womens only,19166,0.07398533502084667,0.004869837545103854,0.06444062882188217,0.08353004121981117,3.960969693361449e-52,1.069461817207591e-50
Womens e-mail,visit,newbie,New,21458,0.05041718035881851,0.004152892596853338,0.04227766043732295,0.05855670028031407,6.462332666951596e-34,6.344835709370658e-33
Womens e-mail,visit,newbie,Returning,21235,0.040122507630181464,0.004943575659158425,0.03043327738338209,0.04981173787698084,4.814415702612472e-16,2.599784479410735e-15
Womens e-mail,visit,channel,Multichannel,5185,0.04709997539010549,0.009958411699360735,0.027581847116136135,0.06661810366407485,2.248879335123868e-06,7.359968733132659e-06
Womens e-mail,visit,channel,Phone,18781,0.044629773745575654,0.004542752010846041,0.03572614341362051,0.0535334040775308,8.840640763941561e-23,5.967432515660554e-22
Womens e-mail,visit,channel,Web,18727,0.04567652217377893,0.005086368427515205,0.0357074232437475,0.05564562110381036,2.7031538420133463e-19,1.5365295523023232e-18
Womens e-mail,visit,zip_code,Rural,6320,0.02909487971097907,0.009400262726286787,0.01067070332224267,0.047519056099715476,0.0019673762125551773,0.003934752425110355
Womens e-mail,visit,zip_code,Suburban,19275,0.04886266065540677,0.004725325017756938,0.03960119380535708,0.058124127505456466,4.616739810181661e-25,3.8354453807663025e-24
Womens e-mail,visit,zip_code,Urban,17098,0.046943031758265336,0.004962488890707895,0.037216732258797736,0.056669331257732936,3.0919978960947447e-21,1.964328075166073e-20
Womens e-mail,visit,history_tier,$0-100,15246,0.04678188996291309,0.0050180465355746185,0.036946699480440846,0.05661708044538533,1.1338525741341418e-20,6.803115444804851e-20
Womens e-mail,visit,history_tier,"$1,000+",844,0.05376078360891445,0.027106571381416554,0.0006328799569738641,0.10688868726085504,0.047332609141078015,0.05944095101437705
Womens e-mail,visit,history_tier,$100-200,9563,0.04250418595601041,0.006448318581663976,0.02986571377510861,0.05514265813691221,4.353620554790158e-11,1.880764079669348e-10
Womens e-mail,visit,history_tier,$200-350,8199,0.036094834081422056,0.007749808529940187,0.02090548847565799,0.05128417968718613,3.200521982639319e-06,1.0166363944854308e-05
Womens e-mail,visit,history_tier,$350-500,4312,0.040396685223630324,0.011430427014512495,0.01799345994727214,0.06279991049998851,0.00040911029340752795,0.0009204981601669379
Womens e-mail,visit,history_tier,$500-750,3314,0.066127772775879,0.01209472578397416,0.042422545836401676,0.08983299971535633,4.564571017196197e-08,1.6999092064041012e-07
Womens e-mail,visit,history_tier,"$750-1,000",1215,0.05476540344750924,0.022125465241203457,0.01140028843355765,0.09813051846146084,0.013315396725027302,0.019174171284039313
Womens e-mail,conversion,purchase_history,Both lines,4267,0.005329795222847792,0.003332410542701788,-0.0012016094225492883,0.011861199868244873,0.10973589699687723,0.13622387213405449
Womens e-mail,conversion,purchase_history,Mens only,19260,0.0006327151381356165,0.0010958591706199197,-0.0015151293684073602,0.002780559644678593,0.563690195834688,0.5824571268038956
Womens e-mail,conversion,purchase_history,Womens only,19166,0.005114658158926701,0.0012613537916768844,0.002642450155476969,0.007586866162376433,5.015666176425269e-05,0.00013211998708632418
Womens e-mail,conversion,newbie,New,21458,0.00527229169834824,0.001085497006067839,0.0031447566611292185,0.007399826735567261,1.1915944924894911e-06,4.021631412152033e-06
Womens e-mail,conversion,newbie,Returning,21235,0.0009318089434356032,0.001237272772626484,-0.001493201129964321,0.0033568190168355274,0.45138068546197085,0.4826644953454738
Womens e-mail,conversion,channel,Multichannel,5185,0.0070517614226959175,0.0028235118466137417,0.0015177798934108023,0.012585742951981033,0.012506739453581085,0.018503121383380235
Womens e-mail,conversion,channel,Phone,18781,0.0017261667942389536,0.0011472270497543393,-0.0005223569053696923,0.0039746904938475994,0.13241596457093927,0.15889915748512712
Womens e-mail,conversion,channel,Web,18727,0.0034326986692518498,0.001259023845828167,0.0009650572757515328,0.005900340062752167,0.006401455075504397,0.010507010532106379
Womens e-mail,conversion,zip_code,Rural,6320,0.003348669760791992,0.002496569856583703,-0.0015445172430003937,0.008241856764584377,0.17982039033058117,0.20882367909357813
Womens e-mail,conversion,zip_code,Suburban,19275,0.0025777538523652516,0.0011373939632673372,0.00034850264812799755,0.004807005056602505,0.023428830464439786,0.03162892112699371
Womens e-mail,conversion,zip_code,Urban,17098,0.003613993676872488,0.0013128376862720122,0.0010408790942324497,0.006187108259512526,0.00590860439275536,0.01012903610186633
Womens e-mail,conversion,history_tier,$0-100,15246,0.003786679912348317,0.0012603578833641355,0.0013164238533234771,0.006256935971373157,0.002660631029582227,0.005131216985622866
Womens e-mail,conversion,history_tier,"$1,000+",844,0.011277857656362328,0.009638244220714173,-0.007612753890438771,0.030168469203163427,0.24195454588757792,0.2721988641235252
Womens e-mail,conversion,history_tier,$100-200,9563,0.0036917253592905477,0.0015795859870337383,0.0005957937142202678,0.0067876570043608276,0.01943151857301914,0.026905179562641886
Womens e-mail,conversion,history_tier,$200-350,8199,-0.0006663167254068068,0.0017881975153126028,-0.00417111945266352,0.0028384860018499064,0.7094318817500964,0.7228173889529285
Womens e-mail,conversion,history_tier,$350-500,4312,-0.0021586672037513296,0.0030665351567129256,-0.008168965668234555,0.0038516312607318956,0.4814680184180862,0.5097896665603265
Womens e-mail,conversion,history_tier,$500-750,3314,0.010195860758792903,0.003542989105670512,0.0032517297140609233,0.017139991803524882,0.004005138610145804,0.007209249498262447
Womens e-mail,conversion,history_tier,"$750-1,000",1215,0.008667574001073618,0.005496384626498987,-0.0021051419120440337,0.01944028991419127,0.11480492598325433,0.13931384276619627
Womens e-mail,spend,purchase_history,Both lines,4267,0.16188124260971226,0.49756959557649416,-0.8133372445223764,1.1370997297418008,0.7449207940815562,0.7518826706617576
Womens e-mail,spend,purchase_history,Mens only,19260,0.27835448170778665,0.20506311079709888,-0.12356183001227383,0.6802707934278471,0.1746513373037104,0.20502548292174702
Womens e-mail,spend,purchase_history,Womens only,19166,0.6316479517709466,0.17169419102604813,0.29513352100515206,0.9681623825367411,0.0002342303588796697,0.0005653159233346496
Womens e-mail,spend,newbie,New,21458,0.7322877956561398,0.1689258432431204,0.40119922684156495,1.0633763644707146,1.4578261886211942e-05,4.03705713772023e-05
Womens e-mail,spend,newbie,Returning,21235,0.11395712053756446,0.1986901016040254,-0.27546832269092936,0.5033825637660583,0.5662777621704541,0.5824571268038956
Womens e-mail,spend,channel,Multichannel,5185,1.1575358651270653,0.4585053376898443,0.258881916535595,2.0561898137185355,0.011583486844535612,0.01778199725725803
Womens e-mail,spend,channel,Phone,18781,0.23247350450950877,0.17942853576952061,-0.11919996339750849,0.584146972416526,0.19510200725243998,0.22180017666593174
Womens e-mail,spend,channel,Web,18727,0.4163166914707608,0.19987893605073867,0.024561175543128366,0.8080722073983932,0.037265423196253,0.047912686966611
Womens e-mail,spend,zip_code,Rural,6320,0.5148413350253109,0.3236710776550377,-0.1195423200158301,1.149224990066452,0.11169258445829429,0.13707726274427026
Womens e-mail,spend,zip_code,Suburban,19275,0.1771713935805127,0.1891658924903792,-0.1935869428040064,0.5479297299650319,0.3489681095895607,0.3768855583567256
Womens e-mail,spend,zip_code,Urban,17098,0.669135334806898,0.2147342223082235,0.24826399283456252,1.0900066767792336,0.0018325425571099592,0.0037342376635448224
Womens e-mail,spend,history_tier,$0-100,15246,0.6258197999215559,0.2233101999419225,0.18813985065494931,1.0634997491881624,0.005071316937508472,0.008833906923401854
Womens e-mail,spend,history_tier,"$1,000+",844,2.5067810927390366,2.257958730056937,-1.9187366967503583,6.932298882228432,0.2669137475242933,0.29414984421044565
Womens e-mail,spend,history_tier,$100-200,9563,0.4583933890504246,0.2114820039924348,0.04389627784689648,0.8728905002539527,0.030194536430405518,0.03976841383516824
Womens e-mail,spend,history_tier,$200-350,8199,-0.3231407388759745,0.2895727459660378,-0.8906928918737749,0.24441141412182588,0.26445531530090516,0.29414984421044565
Womens e-mail,spend,history_tier,$350-500,4312,-0.10088993379398659,0.3914952036435782,-0.868206433055574,0.6664265654676008,0.7966352526685238,0.7966352526685238
Womens e-mail,spend,history_tier,$500-750,3314,1.2856506863284993,0.5099024302194884,0.2862602874688539,2.2850410851881446,0.011690016715419633,0.01778199725725803
Womens e-mail,spend,history_tier,"$750-1,000",1215,0.648257131702662,0.4925690961552939,-0.3171605566591609,1.6136748200644848,0.1881493762186074,0.21617162374052765
