target,learner,base,trained_on,half0_per_1000,half1_per_1000
visit,S-learner,linear,conversion,45.153323817426234,41.19344289327283
visit,S-learner,linear,visit,45.02366449534259,41.608468610685286
visit,T-learner,linear,conversion,44.61666123160322,41.010867691907926
visit,X-learner,linear,conversion,44.59551874733928,41.407129384298194
visit,Transformed outcome,linear,conversion,44.59397253509237,41.45437028649779
visit,DR-learner,linear,conversion,44.36713361128402,41.25818888126644
visit,T-learner,linear,visit,43.856874969513036,38.256103394050406
visit,DR-learner,linear,visit,42.69061289670269,39.65256889030742
visit,S-learner,lgbm,visit,42.58977864006053,42.26279764422352
visit,S-learner,linear,spend,42.58935032678454,40.18471940068222
visit,X-learner,linear,visit,42.49799961095876,39.42189842760209
visit,S-learner,lgbm,conversion,42.41397481331216,39.27858023161305
visit,Transformed outcome,linear,visit,41.88248414753301,41.794933984745114
visit,X-learner,lgbm,visit,41.45428685953566,41.78542435342729
visit,T-learner,lgbm,visit,40.90749318678862,40.37619490442194
visit,T-learner,linear,spend,40.711921666855204,38.375071517898064
visit,X-learner,linear,spend,40.708727132920515,38.39985716956837
visit,Transformed outcome,linear,spend,40.70301571079729,38.51527327389167
visit,DR-learner,linear,spend,40.253353868093676,38.26252698672893
visit,DR-learner,lgbm,visit,38.81424762682356,42.56718846443114
visit,T-learner,lgbm,conversion,38.69361567170132,38.909071141230825
visit,Transformed outcome,lgbm,visit,38.27564724089373,41.53202922063366
visit,S-learner,lgbm,spend,37.932419348207546,36.17695785236805
visit,DR-learner,lgbm,conversion,37.75190418639961,38.228199315596065
visit,Transformed outcome,lgbm,conversion,37.216186888497944,38.83674065227659
visit,X-learner,lgbm,conversion,37.13955069231395,37.577034494828055
visit,T-learner,lgbm,spend,35.744080454762766,33.51400642826424
visit,Transformed outcome,lgbm,spend,35.637222784846855,33.68359083825702
visit,X-learner,lgbm,spend,35.22042677363467,33.00622789765807
visit,DR-learner,lgbm,spend,35.02423277122855,35.12007503223608
spend,T-learner,lgbm,conversion,366.5139281374822,532.7688620622047
spend,DR-learner,linear,conversion,353.007154077326,504.93353852972666
spend,X-learner,linear,conversion,352.3147225892065,504.00888479758544
spend,Transformed outcome,linear,conversion,351.3927567238728,512.592317679496
spend,T-learner,linear,visit,325.62839930815676,603.7809692928772
spend,T-learner,linear,conversion,323.27112517681,477.0198761113639
spend,T-learner,lgbm,visit,319.74171852137323,465.22984496250814
spend,S-learner,lgbm,visit,308.86047772571544,573.2376600638745
spend,S-learner,linear,conversion,308.4687625506522,597.0301665703893
spend,DR-learner,linear,visit,297.64793227858365,597.839363059194
spend,X-learner,linear,spend,294.128606486871,447.05978569472234
spend,S-learner,linear,visit,294.0902777833804,617.4183171613831
spend,T-learner,linear,spend,293.8121557766621,447.95691431324263
spend,S-learner,lgbm,conversion,292.67586995675015,568.9709634147409
spend,X-learner,linear,visit,289.0142574139431,600.8820148644228
spend,X-learner,lgbm,visit,281.4815362139508,524.9030694502957
spend,DR-learner,lgbm,visit,261.83214716542994,499.324688424276
spend,Transformed outcome,lgbm,visit,253.360374201966,431.0366280533278
spend,X-learner,lgbm,conversion,248.4795074788027,529.9681681831008
spend,DR-learner,linear,spend,244.77467508306918,450.8034694474762
spend,DR-learner,lgbm,conversion,243.00982406546152,544.4829362874685
spend,Transformed outcome,linear,spend,239.54745370353373,464.3190418386506
spend,Transformed outcome,lgbm,conversion,225.15564007330204,581.0088020829413
spend,X-learner,lgbm,spend,224.1246658305808,485.8915416138469
spend,Transformed outcome,linear,visit,221.59527629971154,644.8278729578201
spend,Transformed outcome,lgbm,spend,199.18603575144,452.6093567396273
spend,S-learner,lgbm,spend,188.9514547811104,491.91062664786944
spend,T-learner,lgbm,spend,187.60503538085302,482.9671466053073
spend,S-learner,linear,spend,185.3359192454797,431.3362643565134
spend,DR-learner,lgbm,spend,167.14846041088126,507.8973058386116
