split,selected_half0,selected_half1,uplift_share,uplift_per_1000,uplift_minus_blanket_per_1000,response_share,response_per_1000,response_minus_blanket_per_1000
0,Transformed outcome | linear | visit,T-learner | lgbm | conversion,0.85,113.94130518964613,-41.46527631447225,0.925,142.13303340904628,-13.27354809507212
1,S-learner | linear | visit,T-learner | linear | visit,0.95,119.67467151917118,-35.73190998494721,0.925,150.22545675592232,-5.181124748196077
2,T-learner | linear | visit,S-learner | linear | visit,0.975,127.55170904784235,-27.854872456276006,0.85,122.76459794003358,-32.64198356408483
3,T-learner | lgbm | conversion,S-learner | linear | visit,0.625,111.81751060302605,-43.58907090109239,1.0,155.40658150411844,0.0
4,T-learner | linear | visit,Transformed outcome | linear | conversion,1.0,159.702085706957,4.29550420283864,0.925,145.0761707635019,-10.330410740616507
5,T-learner | lgbm | conversion,S-learner | linear | visit,0.749984375,106.60698472854509,-48.79959677557329,0.875,142.8251062991993,-12.581475204919121
6,T-learner | lgbm | conversion,T-learner | linear | visit,0.775,141.74504435752357,-13.661537146594807,0.875,141.63699762973272,-13.769583874385694
7,S-learner | lgbm | conversion,T-learner | linear | visit,0.9,147.1884147332027,-8.218166770915715,0.875,143.11745341993225,-12.289128084186203
8,S-learner | linear | conversion,T-learner | linear | visit,0.775,126.13551865981684,-29.27106284430162,0.875,135.0938310846386,-20.312750419479826
9,T-learner | lgbm | conversion,T-learner | linear | visit,0.749984375,128.74643670354664,-26.66014480057175,0.825,135.76243097693185,-19.644150527186596
10,T-learner | lgbm | conversion,Transformed outcome | linear | conversion,0.749984375,87.31063718135877,-68.09594432275962,0.875,133.07797402024082,-22.32860748387758
11,T-learner | linear | visit,Transformed outcome | linear | conversion,0.95,131.8809399253321,-23.525641578786335,0.875,145.44586999070887,-9.960711513409537
12,Transformed outcome | linear | conversion,T-learner | linear | visit,1.0,164.00168467837403,8.595103174255618,0.925,147.6288472594914,-7.777734244626983
13,T-learner | lgbm | conversion,Transformed outcome | linear | visit,0.775,106.63435982515811,-48.77222167896027,1.0,155.40658150411844,0.0
14,T-learner | lgbm | visit,S-learner | linear | visit,0.975,123.15671602103751,-32.249865483080896,0.875,145.59846220656544,-9.808119297552938
15,S-learner | lgbm | visit,S-learner | linear | conversion,1.0,147.7927129730466,-7.613868531071756,0.95,147.08589486638377,-8.320686637734648
16,S-learner | linear | visit,T-learner | lgbm | conversion,0.75,108.24047677032753,-47.16610473379094,0.875,135.64429116754053,-19.762290336577855
17,Transformed outcome | lgbm | conversion,T-learner | linear | visit,0.699984375,70.50445922212602,-84.9021222819924,0.9,129.38553684680616,-26.02104465731225
18,Transformed outcome | linear | visit,T-learner | lgbm | conversion,0.975,135.61975801566933,-19.786823488449087,0.8,137.52093955831563,-17.885641945802824
19,T-learner | linear | visit,T-learner | lgbm | conversion,0.750015625,102.79863774345804,-52.60794376066034,0.85,113.30037560033271,-42.10620590378568
20,S-learner | linear | visit,S-learner | lgbm | conversion,0.675,84.66846850554843,-70.73811299856995,0.925,149.57483412716024,-5.831747376958186
21,S-learner | linear | visit,X-learner | lgbm | visit,0.575015625,66.43279278061208,-88.97378872350637,0.875,143.21020417640455,-12.196377327713881
22,S-learner | lgbm | conversion,DR-learner | linear | conversion,0.95,140.78330923737224,-14.623272266746184,0.95,143.93209363866137,-11.474487865457034
23,T-learner | lgbm | conversion,DR-learner | linear | visit,0.75,97.4902263829328,-57.916355121185624,0.925,143.4712846111202,-11.935296892998167
24,S-learner | linear | visit,S-learner | lgbm | conversion,0.975,130.26745074475616,-25.139130759362256,0.875,143.8597938860273,-11.546787618091168
25,T-learner | linear | visit,S-learner | linear | visit,0.775,82.9737668732783,-72.43281463084011,0.925,147.37892993246828,-8.027651571650113
26,T-learner | lgbm | conversion,X-learner | linear | visit,0.875,93.68225984110754,-61.72432166301093,0.9,137.81543721388263,-17.5911442902358
27,T-learner | linear | visit,Transformed outcome | lgbm | conversion,0.825,85.57371732764896,-69.83286417646949,0.925,147.86377659898278,-7.54280490513565
28,T-learner | lgbm | conversion,T-learner | linear | visit,0.775,129.2525569832834,-26.154024520835026,0.875,144.37298425060456,-11.033597253513863
29,Transformed outcome | lgbm | visit,T-learner | lgbm | conversion,0.85,118.32028381140347,-37.086297692715,0.875,144.8148105161853,-10.591770987933055
30,T-learner | linear | visit,S-learner | linear | visit,0.699984375,74.7289068319914,-80.67767467212703,0.925,147.8877923638849,-7.518789140233472
31,DR-learner | linear | visit,S-learner | linear | conversion,0.775,112.14857524243268,-43.25800626168571,0.95,144.4920968752073,-10.914484628911095
32,S-learner | lgbm | conversion,DR-learner | linear | visit,1.0,136.689234664178,-18.717346839940376,0.875,145.22544920134058,-10.181132302777826
33,S-learner | linear | conversion,T-learner | lgbm | conversion,0.75,76.9569283085266,-78.44965319559178,0.8,134.51285725281,-20.89372425130847
34,T-learner | lgbm | conversion,DR-learner | linear | visit,0.749984375,98.20483219038005,-57.20174931373836,0.875,141.76801536589176,-13.638566138226633
35,T-learner | linear | visit,S-learner | linear | conversion,0.825,113.11287747850578,-42.29370402561267,0.8,140.9290505951048,-14.477530909013714
36,T-learner | lgbm | conversion,T-learner | linear | visit,0.825,80.0967368477075,-75.30984465641087,0.875,130.62792730307928,-24.778654201039082
37,Transformed outcome | linear | conversion,T-learner | lgbm | conversion,0.775,152.24065998755336,-3.1659215165650845,0.925,147.13362136709281,-8.272960137025578
38,S-learner | lgbm | visit,S-learner | lgbm | conversion,0.749984375,74.97998691741569,-80.42659458670273,0.875,137.3543782202218,-18.05220328389662
39,T-learner | lgbm | conversion,S-learner | lgbm | visit,0.775,104.5091605921093,-50.897420912009125,0.574984375,50.453538240118725,-104.9530432639997
40,T-learner | lgbm | conversion,S-learner | linear | conversion,0.524984375,104.45694971547373,-50.94963178864467,0.875,145.34785410010272,-10.058727404015661
41,S-learner | linear | conversion,T-learner | linear | visit,1.0,151.1771066407838,-4.229474863334592,0.925,146.85471125299873,-8.551870251119695
42,T-learner | linear | visit,T-learner | lgbm | conversion,1.0,98.72292262516949,-56.68365887894893,0.875,139.70634292856235,-15.700238575556062
43,S-learner | linear | visit,DR-learner | linear | conversion,0.95,145.99634387407286,-9.410237630045511,0.925,151.5260261543319,-3.8805553497865115
44,Transformed outcome | linear | conversion,T-learner | lgbm | conversion,0.775,108.53087133744418,-46.87571016667421,0.875,141.39811053619925,-14.008470967919223
45,T-learner | linear | visit,S-learner | linear | visit,0.975,122.48052406405596,-32.92605744006245,0.875,146.12183364792028,-9.284747856198136
46,T-learner | linear | visit,S-learner | linear | visit,0.975,134.10825614835193,-21.29832535576647,0.95,141.8942589945424,-13.512322509576023
47,Transformed outcome | linear | conversion,T-learner | linear | visit,0.700015625,95.45991146146964,-59.94667004264872,1.0,155.40658150411844,0.0
48,Transformed outcome | linear | conversion,S-learner | linear | visit,0.95,129.85637883061443,-25.550202673503968,0.925,149.3438827037096,-6.06269880040879
49,X-learner | linear | conversion,T-learner | linear | visit,0.925,131.18892065882844,-24.21766084528997,0.875,142.3819475471346,-13.024633956983788
